Address,Count
0xcfda1b2a8347328f80999984b589baeb266feb85,67
0xc0c120fda99754533285fc554f7dee45d0e30f87,61
0x61d4fae05f5bdfc1ad57c9975a3d79945a36fd5b,52
0x5bdf13207061e2dc07e97140b31dcb3b8e97b390,51
0xf921059cf90cac290cf9f33baafac111247f3462,42
0xac527ce0b2a4ee2f71350826dbb47bb1f5cf6a64,36
0x9819b1861bc8d09cc508decfe079b9c728780ef5,32
0x1017378c6241e8d83bd9be29644f7085b69dd0f3,29
0x168f5c8e2bb5c2ce4a60a1bb31bb947a0b10d008,28
0x18b683972a3b3e4e48d712aaf5836eba2f4f2b64,27
0x4d912222c5f333f83f691dbfb3001d71cbc82079,26
0x71a19a2cb659fbd0e52b6bc1d9a72924d0a0d713,25
0x1860555c32a804343be11fa272bb1de024541d0f,24
0x635a6830ad83cb6557c18cbdab20347ccf7055a5,24
0xb6702191769266d18f69e1d00b5e73f0d181b75e,24
0xd17a476c26cdfb807574321f0d81e50bccdf1463,24
0x9ec0739e85d640e248056137ae702ea8d3559b48,23
0xd2d43794e0c619e21c1dbed218c110ea6c813222,21
0x6441285b6cf558d64ac6444e34793fed2df73d4d,19
0x77f2391b6fb654078bf4f9c7993dbe258c00a500,19
0xd5210fd1bebac7746dfc1dd9fac970765f64d51e,19
0xf3473daa386d551e6b4b443905d8a1db5d57bb31,19
0x00000000002283f2d267fb87d8b28f54dc011ec2,18
0x4df320d25e8df805543a0f74b88ce2d2f6d67c90,17
0x124e06f78b85e04707cb8f2c744d74d81f42f2c2,16
0x1e7a67f22bf651a46f85fba6ac3b6931d2293668,16
0x5912043d777b42e879035d06c0d29976b4464755,16
0x46a7e33b97db68077cf9b56e299e98bb16b13a1b,15
0x4d54026afb86ab81c683d068d17fef15732b3336,15
0x8d735ca8fc892e7a9d510ac7ad224df0f794d4d5,15
0x17b4bf0ab3ce0dc0d42d2d2180230b765f39d471,14
0x24a4f07832ae6b87eb9ab06d04bdd859cb7f4783,14
0x345d58ca1de65c1a2de7930cf3374a0f248fb1e6,13
0xca9e6eefc816378a388795c27ccaf0abda0784cb,12
0x0216871bdf25acd6ef981f01cf2cfba6999754a8,11
0x1b6a1457543a61d3417c54b94ba9be11de516e7c,11
0xf306cc1431bf91b412a823bbb7d5c01c76f61bbe,11
0x36d60a86432c8dc345a1956fc830f35ffb5ef92a,10
0x37d2098459efc343e157cb43a79f8aedfa6b1a3c,9
0x6590551269dd443c5172f71df5a5d3443129fd14,9
0x6e543fd8a391fce4514f31eee7cd48889437aea3,9
0xbfda5701c06d36e9f3d07124648216674286d6c7,9
0x5b34a32fb8b8b39ea21368ea258ebfc8442f2122,8
0x98bf90b713dc03188a4b67b09bace753b8d5e605,8
0xab57a9e1a500ec0165ccdbc9577f40fd683b47aa,8
0xdc01416c1935d2f92843d0b31ef172530ba3e972,8
0xf5db2249fd36720ce989c8c221b8d7c1ebab9912,8
0x24317cab3c632e0b1ed0d21de1e0a009359b1296,7
0x30c842b5091bca284e6ce48f3a07d6957f17b225,7
0xf57ce9e7d5643ff6dcaf2e989e9311501c788f64,7
0x02b19b45ae453ad47e7174f3cfb0c834ec34425c,6
0x03b6d486e3b9c0ca35761e968deb14cd627ea821,6
0x0d3633251cc5157304f5088b99c5ae62d43fbd4d,6
0x2168b732dc007ff230fd0884e059c7762d94d4c7,6
0x26fa143b7b06a581044a7b67f0d72c728ae4cb5b,6
0x38759b9ad3c493380909239bc4dce9521217e5d4,6
0x6c4bece890f081c349c0b8d2809322584a9eb4de,6
0x82f261d6f598850a3be5a964b2083343085f3dbe,6
0x8456e985f5140e0e8cd9ac5fba55e0bb727d0415,6
0x896c8c7bcce5e7928ff2252166e850f194f5bedc,6
0x9d513837d39a724f7e0c132dbb423ccf81f9ff76,6
0xb475bc2bed71c15c1cddd94d954b27f3354ac223,6
0xb63bb0065eb850f3bbd2044a3bf300a5c83598a6,6
0xb9b0cb7f8733d29f4962fd68d04c8928104f50cb,6
0xc4dd57d433f5cc14a78fec1d61870e5e543892a6,6
0xf2bbd9d1b80ead64800dbdb1eec9a91aeb7231e6,6
0x0000000000d911061ded3107b08962794f5244fa,5
0x0244957535af0eb653d57442f5d936583d072fc7,5
0x0283377591e5da7e61ef3c1c27409f1717742976,5
0x194285c7e470c9cbb64651cd23624cf3f7f2501b,5
0x2605ca2804b343de78416367774e6bb883da45c3,5
0x2b4f23c2dc2e65690ee4d59314d7f9a1bd2aa48d,5
0x40b18491e69e0d9e88cc8527187340a92843ffe2,5
0x43d42f66f098bbdbeac97f7aadb192efabefe72c,5
0x47ba4875e8039d6df21c85ce8c543328794d4bc7,5
0x4a82c7e1a6887f30ed4e62e6d6e1f4921aeceaab,5
0x5e82355f5ea4e3068988682920bb7dc65fc30d78,5
0x636ccdd38dfbfdf18efa63c72eccc5da300c46e4,5
0x6c1144f20893d3b36079030a95ba0a7c7a247ebb,5
0x6d68f0271dcdc8bdbd4d5bd5d140a71e86c8a6f6,5
0x6f3bddcb13012d911a7677075c863d2574ebfacf,5
0x81a650e045a5d7cad4e9cb1ea7a572df336ddce7,5
0x8e224973441ea9230ea45ae1d32319dbc84c41c3,5
0xa8fc866f2e702457f7f42dd903ea8e0599b75f44,5
0xccce685a3a7215cf9becda440ca3b6a5d2858724,5
0xe175318066e07874b771180a0f0e87c2fd203043,5
0xe2dca46df4305884a48dc003f116563ada69c87b,5
0xf22520f83d76248e5d4840afd737d852aa166116,5
0xf5a6dabf9d1a3a6a3f777cb389551199b7b7292c,5
0xfe79c66a81554d6b54b37a8a15c967289e71131f,5
0x02ce8ddbc92bbfdfbbcad6fcaaa1a627032ef72d,4
0x02dad4345560be9b58b3314b2360ff27706a2f27,4
0x0c11b71c41935fe61d4c0c3c62e0c965c49497ef,4
0x0c5203102f65c235f0a7c81fd1a082d19a702171,4
0x10ce849cae88762b5b000b6b82c90c6387249af0,4
0x1120ad1c51ff4d6f9a0a4c8346d6f9e1ed5ca924,4
0x15c379094357543b0c24bfce1b1ac27a881ecdd0,4
0x1688d83d9ad92d1a46386101ecec87ee3a78de86,4
0x1b6ef326e12ab80b5502d6899a3f4efe2d0894a9,4
0x222cf246a3d56d61030ca49f5e6ffd6c20c3dc4f,4
0x227d69418c80b25254ce5d1db1c1805b13072116,4
0x22ef19e6b1785e9019f3241695f4c0a4bc118d66,4
0x29867265196e65af0c1039f7097b25f82bf16765,4
0x2cdbd1f60e042f926f017b5aac219d152743e948,4
0x2d00c760bd952a843190962a61ffa4261a416fde,4
0x2ede127e6897167f510187a5772447bac29385e6,4
0x39fa6340087d1d12a6ea581ed9afedb3a9c0767c,4
0x3de5ee31a5116f24dd3ccb9745c187471fbb8cf6,4
0x407f9204db9c9880189e24db3cdce3e1ba01b85b,4
0x44e80c561311f37166de6cae5aab4f11dbce3f23,4
0x488f34461b0e302f7989e72174499cc136995a10,4
0x4c4ca18e32c3f95ee645be203ccd3df65ef4d3df,4
0x512537b5369fe2abd4f2fbf62f2ed3cef1f32a86,4
0x51a707c9e06b29dc46632ae0dd8e5ec5099c86a3,4
0x5962ffbb133d4f2b792b4bee7b0655a7af8c8fcd,4
0x61988d170ff4aebaea4e454c07e4c4b6eaa7708b,4
0x65bcaaa391579ca66ef59e35d87c2f58174c3bd2,4
0x71dbf18e88365919816c87b52ee93e0d1ecb6df1,4
0x7496c85d8354e3617e741596c2990e8cf72805cd,4
0x78db38b9010f7bb038a08ec484caedfc827d6b34,4
0x7bab116d8d8068d90a1d6765cc095e0f237f47cc,4
0x7cd697041e98c860e64e4bd41a889b8579753e6f,4
0x7d36bc563ba2ec06e0af335935a163c3cc488c89,4
0x821221842fd8c25f124165df51a684a1c433f36e,4
0x831bbccb6d25bb7e98512a0532c8d8d5280e7452,4
0x83d061489bd80bc6d3895644b39b72654719bf43,4
0x8b2f6a35f3bd87701b4aaf78702e18a4b6fe75d0,4
0x8d8251fb4eaf02d1103ad038540d18bf7422d820,4
0x8e38f88b7395596b83142fad97da7a625a01b795,4
0x94e718170118de29fc45e6c9508a83cf3c363e93,4
0x99eb94a0b442ed8ff8cc2b99e3aebc67555c5136,4
0xa5b31bd88a916b847de7bbf4db855386ece82df1,4
0xb4fdb4bfcb55f6cea25a82fc69a10504e179c7ab,4
0xbd2b5d3632cc944808fbd8735157462ab9628c81,4
0xc25c4cff3d86a394139f268f0bbbb2b116bb8ff5,4
0xc4deec9268780f6104647f54cc2d863b222d557c,4
0xca6f5752107096edd8b66efc450ad47ce1a1b176,4
0xcc685f4be130fadb0e29958e00ba865c6fd2255c,4
0xcf7516f4f69d9985d4b6bbe557cd0748cecffc49,4
0xd3c8e3be8afd3ba176ec38e832b9bc6cedcb380d,4
0xdb9446f733c5eafd5bb594afe17bfda0ad30231f,4
0xdbd025c767ddbd97b661bf911d1ea6f774ccb738,4
0xdc184cda3a9709ca206bbd7d9011d0a8105555a4,4
0xdca23fa35e075f4e6df8e4bc4a51afccbba42dea,4
0xdd4776630b39a74d19291097b355d5131fa707bc,4
0xdfce6905c301fb61e8f3b754c8d219c8b17f5906,4
0xe482cc493f3c9c61189c951049b9e8d8be7fd0e8,4
0xea62433473eb7822aa04cd2501aee9b652bb16f4,4
0xead55d0e96af5969911125e6275e765ace4dd3ba,4
0xf13b472757d96067a70f0d53a3d9b8507ed99ce5,4
0xf62f19c01273f474288b2a825c1e32151e989cb5,4
0xfd20f41b5964d4e70fd7f1d4c24e93783a61edd7,4
0x0007857fb85c44d65f56b41732c0a23af5e50f64,3
0x00560c76a97f5984196ad0577cf59b1fa8b957ee,3
0x043772efb54ff13ac9bcce7a9b5ff10eebc19f63,3
0x08cbac5b19bad4b019d0426e9f690e93a1e983eb,3
0x0f333732d6fbfb34fb10ed5955536bd7c8a69b2b,3
0x1119082bc19a4e4300392ff372d5931ee0b8c51d,3
0x1396de65911168898d64a3933074b20a28b408e2,3
0x13e11ab23c674b7404d24319ad27b222bb5d3fb7,3
0x14d53548bdfeb66e26949d8166fee98424a3cc4b,3
0x19ded71a412bf5b0bf1aecc083cffec011661ec8,3
0x1a8157b13983edf9b616092c94cac7ca407394f9,3
0x1c55d9c365f9cb5f09a6f98843f08c764a8f0f1d,3
0x1f4ab932fcd45f9284ca9efc6eb92df9aa3a8538,3
0x204d9712ac6846e9684223ca17e894a15b0efb68,3
0x232f9f565a6304da654e68b24e37e8b04bef468f,3
0x23bec45b327215d8c75c11fbe79d1b19a0a6d823,3
0x27d28c11219844407784557fc4f6ac8a831742a1,3
0x2b467a6a63d28375e4f213b5513b1fc68f3d7da8,3
0x2c134db1e95efaeb075061ffecf13f7fb5daef27,3
0x3040dcd7ce23e38b34e7234b2833d89db798c7cd,3
0x318e54b39ffe3b57ee5c5fa43289d08366cb9f67,3
0x33fe4a6b3e79615067e75bda042f8820d7666d82,3
0x34891df8f7417606ac36f426a01f266822ba6683,3
0x378575511749974b706cf9410b859dfa68a065b1,3
0x38f9ac7e95541554331415f032dc1f062cb3c2cd,3
0x3bca1b96c213c7584d114c73b1cd7ef926e422e5,3
0x3de3a7a0cacdaff8f725ded46bfc27263c100a16,3
0x3e822762ed0d0e0bf4ec0e41b8b8caccfcf00777,3
0x3ff560375d0f0741f5d5f7a0433c054609bad1f7,3
0x4293e382c21e9a8d6b4acad6e69e0d7078ee007f,3
0x461d610ffcc4282a44f02948f559c19bb8b1b49f,3
0x475e41b482afc82bae8025d09d128f30b680e10c,3
0x477e89659cd4433dcb9cb8a9c607b73413a3238b,3
0x47c8ec40ba24a62a432870356bdf92c05b1d93e7,3
0x4a2d697a4359a3ced2af09dfcd91d0b442e56f38,3
0x563b933faf7448ecd86867dba6e9a7cfbfc89cb1,3
0x56701a49d4795fb1f9c204dfe5e6ee475f182ea4,3
0x59058c6d234d634782084783912d9b37ea2ca7f6,3
0x5b24ab627a6c196a4c8ed2da29c31ade4d33d8fb,3
0x61eab68268c38ac29f2340de9e8e7388c4a8d68a,3
0x640e307c4606f9e809ef2a0eb38f0c99af59526c,3
0x64924882f103ca0f6d46ff2c377708518fe225e5,3
0x652359176207be408ac35185aefd8710feef4c87,3
0x6639a7c835d7bfe670b0e1c978558ced8d556ba7,3
0x664a66a3b9947eeb3a7d786121ac20c7916fcbed,3
0x6839db8724167c2be38a637041142f1f601d9fb2,3
0x6e9df1cb67b794aced21421e1bcbfe300133790e,3
0x718f3c40dc166c6f92a2aa0e3016f36b65fe7cb1,3
0x71fa7d1070ab80029ddb187aa4a2f4aa53dd2a1d,3
0x74449ab85bcb2707feec8fc51ec6b9b355d6ed0c,3
0x7818f7db405ed73d247f6dcbc8aba69d15614a97,3
0x7924c8995961a8d96a6b9a53a49996b9f2bffc21,3
0x7b3fc8884f69a30bea47013961e06c54fc003ad3,3
0x7c896d2369d7f3053712dd93d12dd38dc10cb53f,3
0x7caaab49028735b127199fe3b5d9b9c49ea35d2c,3
0x80d73c92fb38c2eb29cc211ef3cf96f3f1d94c73,3
0x836582f25d417755b743f2ad1f219844bd5577dd,3
0x8385d93acfd5dc36506210d2340da8d56b41d934,3
0x865c5d7b94048226e9ce5503079a0176cb885281,3
0x89d6338638313075bc1dc349fbf3eefd3a9ac4f0,3
0x8a2a09c18660800b8c5f1891797b3b65e3e87f79,3
0x8cd985d859f5ee589e040bf26b2970ed62f0a95e,3
0x8fc6e5c05dd29afba2b3a13d7271b4b1b5cf1cf0,3
0x9338e5b3ac27ae50caf43427c1652ce37bc3716f,3
0x9419191ba54af52d57a305b9465dc2dcb108b6ed,3
0x947150d277fca0c16dab335f7ea5d5f10372a99a,3
0x95e1e6e2f87c351c28399c7cab221c8dba97dcda,3
0x99abb7e59615ddd774999a645dbc2ef7e932d36a,3
0x9baca40bfb1882d3766fb579a9f9be0cd0577d23,3
0x9e05c40e2e4452e8351dcc74e68d4a2b918aa99e,3
0x9ee80fe40f551d10169234bbea7ad96790ff9eb0,3
0xa55270ec9bea2cc3ebae45a8c327ae5410f2f47d,3
0xa85aa5d9f72ef8de5a0e16e08211cb8d58b95489,3
0xa966834baf266a3f1aac4e21b17097a8ff063997,3
0xaa87f929a473873bc1a8750068d210fbe9f8b9aa,3
0xab61e4c431cc48be46e320a4e984ffc3b9963add,3
0xaf3ff55d02abe3b56882b5b9be8cd53f4407339e,3
0xb09c5ba11fd61e73cb48d5379b7d82adc32e0199,3
0xb4f1f957dcad1f71a739fcf454c32ddf374a19d1,3
0xb6ff75bd928f4795380cc2aedab777aa2de41287,3
0xbad58e3ecb140ec0a24aaef10dc62d959ead0643,3
0xbc933247169b5c36a85287a71cf8f73abc3fd500,3
0xbc9eab31216310a9745f22c3dab4fdff535ecde4,3
0xc309d2dbdee21493023a6807196d6e075154338a,3
0xc628d5d588c80c5ddd674b2b537f88f93f238378,3
0xcb22a9f3acade585082f84ada2df417d110588f9,3
0xcb31644938be9ce8abed05ed4575958ce6439b9c,3
0xcbc2c53b7699bea2880f68277452d7d987b344c7,3
0xcc50c6f39650a19f61bbcbeff0e4ce6b57761069,3
0xcdeff6857b771cbbeb1983bc04db879946666666,3
0xcdf73e956603985892300e8c33b29649fd7fd946,3
0xcdfda446170d5b8c979387dc5fd573cafef94f09,3
0xd123ddb6e86304cfc468ea121fe46a23ce3ea02b,3
0xd3b89a09b3da0d6a49c72fd508805312a5080774,3
0xd7f6693a609b5356cd406ba794c0cef749661a2a,3
0xd9b0e78885768dda9fd673ce1106b3e0fb2019e0,3
0xda9394802ba86793cb38d262f08e1c5d99002631,3
0xdb4ae2c975c2b756e08bff44ea5db1a89a0ae508,3
0xde8fa19af75214364149283680eff13e94ef4145,3
0xdf66dc4bf28ee0d81427f850e61fe089ad24b736,3
0xdf996527864822a31909b9e14e7033eb553a4172,3
0xe1040a0d1503d60b542ac63acc5cbb48bde5d1f3,3
0xe14e1c5a9c94d523be7e4fd83599c2c6f29d6e76,3
0xe2550f28b010d03d978a546213a6374f5c0cae08,3
0xe4656701ac42b13971910906d4efe08f900ccd97,3
0xe9d3e16d975736c1955fc44a14b6ec9dfe3a2dc6,3
0xeed98a551c833041fd0ffdd78d1db107b9790305,3
0xf043d7686fc73955418ddcfc649ecd5d2305df2e,3
0xf7d806838d0af849a05dfd4a40850a91fa7e596f,3
0xf7f7268dfbf6eebada9e73f752e55fd10a8b1777,3
0xf96873fc62121d6e1fd0ed799397413142ad3b03,3
0x025ba89e97226ebb1feaf13e8c26bc66b2b35f35,2
0x03d58624619929316da701f1428cee173c1ad896,2
0x05317ce71d0f6c1a1ae9aa127bba680607fa70a8,2
0x05750a92258f3f8da386397db788c59bec795fbe,2
0x05b1dc159a92b6cec407c649c6b17d8311fd85ec,2
0x0713effb049fa5608066e36bb49dbb4ff9705afa,2
0x082b6f869b16704e21c213008fe0b5113fdadd10,2
0x08453a444cade6ae7ffbe76e1b271646be4bc85d,2
0x0a2de7c9051b7a2a11e2b6c31d3e7ec377426ee3,2
0x0a3ab59e3d1687ff76c885aa0b94b261b78210cb,2
0x0ac3798f811eb23356822f622fc645f7b82dad75,2
0x0af9b2093ab1f2fafef9f284862e709cbbf0adcc,2
0x0afd7a4b39f9bc76e0a6b95475b82597c73d6b32,2
0x0b9e5d93bc331d416311610fdb7cf2394e1c371f,2
0x0bc0f40d9b2e3c90db8297e6dadb36c3a6ec51ac,2
0x0c49fc7d14d0948b935134827661d5bdf93f053a,2
0x0c4e7870ff6f11e722b9c0e1ea8e930528afa6b5,2
0x0d252defd4f2aef6b127fdd7d923806bd661bd43,2
0x0ef27679708320e12f5f1c80ae933565c23ce6f9,2
0x10c987b4c7598e98457c6a9e5a2d15d7e036d0e9,2
0x1133a461e6373e4d17a0d2d95b22d58d7ad33f58,2
0x126e10e2e2e920f16dca66af50d1dae5996ed45b,2
0x15bb7226cb54efd0158c08deed9eae56f339ba1e,2
0x165d0e1a20287a11f35aeed61a8a7db91dae61b3,2
0x192ef736afc178d743902a8ce4c42f8e7b65729e,2
0x1930049feaee4c579b7984d291b59ddb75eddc26,2
0x19355809f37a10357e9937ce3a406e76ac830607,2
0x19acb89cb4bd36f6e471c91585b95b966d33132e,2
0x19dc80c428b750d34a969dd0240bbdeda4b12d8a,2
0x1b982ee66a1e4e415db3aa98c37a17e8f7d4f0f3,2
0x1beee2cc04c3dd55f09275a1982af21a10fdc8b1,2
0x1d6c197c3698580aaf2c13a1bc17cfc98150b448,2
0x1ddc992a7876f5388774edbe7b4145473defc429,2
0x1de37779275e4b64d91a8a4b1d016de72bb21a63,2
0x2031568b86584a182fe2314f60a79b1408a32df0,2
0x2105d8de49e22c2244a0573118cfee09e9fcdd75,2
0x217f2dd4335b1c28253b6bd250a383d0ac982b3a,2
0x22a8d39ef6b62b76a8eb8f16116f57ac061a4c97,2
0x23774c65c6a561976602a77f5dfa218513d3d485,2
0x23a917e61227a8d06abdd9f4d51b42179e9705de,2
0x23c0a6f19a742042e2c370b031b532e9b4f3ebac,2
0x253e770e3bf7178a3c5c0f61a269fae8fcb22c2e,2
0x2591221dedab4da12a7fdfa608335a9876b8778a,2
0x2594b3409bf963d1b3f8cc97435bbec5c409192d,2
0x27e73234b06e1822c471be1dfd1c68cbc2b82f8c,2
0x288083eae312fc28015f619da0a389f44ca4242b,2
0x28bbf87870bf4abdc4da55b8662c3ca584890d49,2
0x28f625d061a8d2786d05ad4ad5c570c0f10ac80c,2
0x2adf6094c969095ea1720046ff47c3b5f49fab9f,2
0x2b0802359aad26c5e84abaa726b49e4649f90ec9,2
0x2bd66b25f4d37dae7157f6b8e2dbb84e3c49908a,2
0x2d9824b86b1e012b5fa6d72a40b371d9b535a7dc,2
0x2e0c0f9fc90d278de9692e16c0fb270fce2b1323,2
0x2e48b801c61cb2c5e1d5dd138221724440b55993,2
0x2eb7be7da063bf3981bb51ab81ca56fd21077884,2
0x3021a59f56cae360183c40965d7059a4a73a7ba7,2
0x3172877eef547f67189525140c611ac732e2a2c0,2
0x32736237ecb6c9ae88f89638ca18c06ac56a5a08,2
0x329a1bf14bcb249e2bc9ac0172aeff8780234bd8,2
0x33e96e8a15223786dcefefd9e311ff82522a884f,2
0x3463207ca28ff6715a340358d8024707f71d7f9a,2
0x34a2b1b821761c02ddb6131fa60e117009b9cf7e,2
0x35eb7200c6d90ad90cb023d110162bfea94af9ab,2
0x361e3f982c17d60305075906659c586f37b8fc5b,2
0x36848563e7055750bc64a75ce238a8add3b12bbe,2
0x36f24271c46ef85560c218491b35e479ee0e704e,2
0x371bb5277de2a4b2a0ba976cd2e18fb1c4c6aebc,2
0x3b6bae844c5b8e5b68ea617aaed24445011916e8,2
0x3f3001864d6b66c3091b9e147a45f2306360ee97,2
0x3f486c7e0af4f7c2986378b28d0d2a200fe3bc2a,2
0x3f7caae9a5063c11a9692a48d8a8fcc9e136b92f,2
0x3ff13c4fd115f450be20666ab03621e1fb320996,2
0x409d0ce26524a063f0ac8d49dc5de5a0c5d094ba,2
0x41819bde3bc01632fd2ba11de64731407a289956,2
0x42d8ae3272aaa43b047689cd803b9f686d555e2b,2
0x448b24147c581ce1c79cdf62d62d872f3c77ac5a,2
0x450c7021b55b366b30f102bf25d690e6253a1bf9,2
0x455c2a58f6870d32ac425657ab9684d9051512ee,2
0x45b6a0cf24f4ae203c9ebf768dce5e9b80da4205,2
0x4764a1c417e340b25f2cd01eb7f9d8bb4bbeebd2,2
0x49abbf1bab43835ccf133992c78a5357909c7bbd,2
0x4b2ba561cb7f7e07e873e7ad81ea25f7ed9d019b,2
0x4ba5facd77ac54333ca7b0bfce39cf53f1c6d30d,2
0x4d4c9de05faeeeed4c0dadb92d37ad99df2599cc,2
0x4e04269fe685ad6f8e5b802ed194ffdf3ab4b006,2
0x4f2c1c08855e1e1d74359934038ac5128057493e,2
0x504f68065786cfe66e91d23d2d955058942f8dbc,2
0x5060c404a0889f36d8a0f2bab05cdddf1b718c07,2
0x50d260623fe41cff925f6652502ee59659f6e42c,2
0x50f3c3de53df76e72ca647f8e44d4157becfa651,2
0x50f8e7c68ea646423e405a3f753aa53acbfb37ba,2
0x510b20ca56070db1e907247f703317fb75221e9b,2
0x51343300b2061da657403cad8d1ba29433c888e9,2
0x51f75d50f13d4113eba4aab6c62edd6c5b08bb4a,2
0x540197d86184906c2541d7c0e4f5d6c85fab0d55,2
0x542a5e2897745eec36c16cceba1a0808ebfe931f,2
0x553c445e7b9972d633d1809463a242503c1403d5,2
0x555017538b5cef7f4149539b3e7b62721351ad9d,2
0x557231430c678931033ffa4a9e6d9855d6c00fa3,2
0x567f2737e74aace8dcb402dc82f30df1eda80cb4,2
0x58428a865f0649e32958fc526fe55af0bf78b233,2
0x5848c943507b5eb33bf22d31225574248e971425,2
0x59d3a497684abdef7d7774c33ac0098088848e4e,2
0x5a5d715febbc65b757aa6ab71d20ea3f53bae2a5,2
0x5a89194ac19878d91dd7df1d0fd921eab74d7c0d,2
0x5b402c774c46475eec41a158c4c49fca6ea0c776,2
0x5c09d9e10ef7ea72ded71da7b0e0e1305522d199,2
0x5c76fbbbc0c775b79dce823c844bbf8f44b13100,2
0x5cb60570737f8985103470119806b99cf03f833d,2
0x5ceefa0034233b782ced547008baec906a4908b8,2
0x5d3819fbe67648d15bd96fff61b5b69be1f06a4c,2
0x5d5768c983cb9c5aed04352299600b09655bd3eb,2
0x5eed84a94490e6e9209c5e9aefaa69a30043d2d0,2
0x5eede1c45e4401d7d95e55446dad71b511328534,2
0x5f208f30e025aae88932dc6f15fe31eda0a8c27f,2
0x5f712fea76371e0a49aafd5ebfb3a8048214455c,2
0x601ad7e0f15b4e2c5e5f3295468aecf4953296e1,2
0x60a8023171d5916e3a4648a37b47e6327c5a71a5,2
0x60bb24620d20b5c88e02ee512496862a4c3a5ff9,2
0x61490f31be5567986990df9102f796accb3e11bf,2
0x627465da6c48e2e641370394c3daac4744df14c6,2
0x630f4a02fb97489f0a6b70b596f5f73044b9f2ab,2
0x632a338894bcbd6d8a6da4398b97dbe64a09956c,2
0x63b1b3c12d9793adc133377533bd5ca2c2c08709,2
0x648f09a8fffe6f3f0cc6e8510f616366c24fe4b3,2
0x64d79648011911fe3fcdf58592dc1d03956bc5de,2
0x65223b270e189c8b03de207a713a0785a23119e8,2
0x659a422c7ca7b74784ef61366656bd54a330fb54,2
0x65c6c9144b8f8ca7cb12822246030c028eb7cb84,2
0x690f58c18c0edd3071b50d3596ea129426d60dca,2
0x6977fd46e4f0fe45ba7e8b520e3f709613ce29fe,2
0x69b3de2697051ccc763cec4bcb3072929a7f7ad0,2
0x6be98e9a79b852fc111d791036cc09bf2d44a283,2
0x6bf365aa6d8cc11cec19ace431d2faefb4fcba7c,2
0x6c34b45f6f023034982f56c07ddfc6e580bf6ae7,2
0x6cd130eaa19341774eca1552d3d504082aae6128,2
0x6fe229811b2393a5761f5ddfbfdf714ea4c15748,2
0x70c1f8d817d3014f147fe927c07d97fa7b3239ed,2
0x71786992bbf176801247971b0902d5665cd3bfc5,2
0x7183325f13d6ea982cde7a4330de99bc8078dd59,2
0x751579083ebd2042533b112f969f55e9f84c6706,2
0x75910635c0d7cdaeed4cdd2d32d1ec1d14bfa94a,2
0x772f89e06a9b4c59b029165a2eeb08e63956deb0,2
0x7782bbc9ec47e9e24435bc4343cf87b450cec6ce,2
0x77c480e9411d6daee4a1c31ce01d57536589beb6,2
0x78b4dac557cd594e956ed65bb251bf2baea0b2ef,2
0x795955044c990f85511f367b4f6dc261d2048fff,2
0x7ade484e21ad7bedc2617ce97739f2cd400502f8,2
0x7b15b1e2bf97e79e8533af4119b8469962c805a3,2
0x7b5c9830475b78ca8ff8f46f324be33827dbb828,2
0x7dc89b7dd31ad0947500fafb4d1a5dbd8c36b3f7,2
0x7ef26b6cc33d483bcc768916a239d5144bb5d29b,2
0x804c51e8d87381e3a89328d8a060e530bb1317c9,2
0x8064e83d430aaea67cc19b57f8dee0b7b6bcd847,2
0x81ecf0a19a1f730e6335e00105868e05df60504f,2
0x82e547376f851ff41fa8fa2a65335743162cf79a,2
0x8364ab71eaabe46fd130a9b995082014138a3a36,2
0x84d2880a873bc4e4f3d0fc087fd4ffab9e15b2d6,2
0x8592c683dec1d4346fe0d0dd51fc7b4fd156ae4f,2
0x86504b1e0b889c5f70f9497e7e6ea0915c8731ea,2
0x88c379352cfc01e46d1dc9d24f67b79f2375bd64,2
0x89c3c51c4ec54df15b8a805b2fbb329e2dd563da,2
0x89d4df9ed6bec73b83beb06d7e417d926056753e,2
0x8b4c8e2bc31623fe90d9407e697df520a737404c,2
0x8b8937b3f7af69354c3dc90f6c0ccc04c08cb25b,2
0x8d540fe32b1ec815c737b35ee6c80cecc3c84a60,2
0x8dc851339673ee0dec40421aff32ce7d6744dc26,2
0x8f1ccc28d0511374594402c026f6b81a47ff3b8d,2
0x8fb7bfbee10e82ad11bb29af48f9ffacc1f3003a,2
0x91eec250676e6f1d31a002ce42c5583d372b59eb,2
0x92af48c76f08db58ce1230f162953deb01a13336,2
0x932ae7b7f2fe654f7d6e4ea7b98e6fb59b31373e,2
0x94d42397a4f51e91326b65be3f8f26463a717f68,2
0x9588b068b14e6397bb47ad3763f9fb5e2f7d7cae,2
0x959e2a4db1fa5d56b810759f2e6d80a01eb9e892,2
0x9706e1f21dbe4ad30683aabc92ea487da4dcea98,2
0x9820e61dc5edac47c4ebfbda50ab4b29d7ac9eda,2
0x98f5bcc754df263c94f5a74f9f7514c6b532e718,2
0x9a45447eb91267bdaf43449a8d7516ec4c9221ca,2
0x9c5319de0fc57017aed48fabe362c59b65876ce1,2
0x9d098db462d7f5dd06971d1ce4fd452b1c5876ce,2
0x9d6a387194e25a3327a5e41d1ba6f5354c07f744,2
0x9f2333b63a094e0626fc443d4385436b9280a711,2
0xa06dfa9d506095eb0bacede6122979cdebc02b27,2
0xa0c5b1ac8796922e247a9a441a321db07c66410b,2
0xa14cee4eb3439aa5bec475048e8f6344246e6266,2
0xa21150ae4a2b63a84a61e93fe55879af74d6964a,2
0xa3afd58e3af93afac977683ef1044217b76f1165,2
0xa553ef3500ab2d02a36a3a3c216999ecf7fb6b98,2
0xa6595fa6da9ea9a029fee16d13e74ca49bc2ec57,2
0xa6c78518b0b98150d9ee3664f574cb291c9ca0e1,2
0xa7ad4160fa5dfd6afb8848bc8eda67a7041b820d,2
0xa7e6e3440ce5fb24cd34fad40c4439453d80d47d,2
0xa857fa21f093e80af2a72ef71a01a103c0eb9e58,2
0xa91dec3a995a5d483878ba9c5918b91b1d0d4931,2
0xa937f031b68848668480b787bf8ef3b0e828481d,2
0xa943b35825a7fa66bc3e5f36ac75c2f92e0e0465,2
0xabc33fe2085eb0920d26fcc3d71b31441017cf8a,2
0xad4d61076479c71c2e7faaca0a9c5540ac6a8ee7,2
0xad7c51eec28a0931e2c739f2393c48bd7253ccf1,2
0xae1de29073cacca20213e53df864e9e7585c9358,2
0xaecf3611b7e1874f31fdd304c7ad6a2a87c5bec4,2
0xaf43171a366a4d0ccb99aedafbbde543a9bd6883,2
0xb1456be86083864d696f65ba33f01044490e9ba4,2
0xb16156cb2e2e535bd5e8a1d511c563cf963297cb,2
0xb1b01306d55e33e3ccbb84537ee9e0d2affd3c45,2
0xb2e481fbb3456c0a753415362ce16317dc2a24a8,2
0xb7fe66a8212389925c6edf38f8a3518ec7b85b66,2
0xb930e488055c1a401a2c3403394e0a943866a183,2
0xba397faae1d5fe10c0356f2e585bef34577ab111,2
0xba68ad4c9a009eea694410e78b128ce30cedcca8,2
0xbc4ee22820866f132b862e1ac94bc9e26eca51c6,2
0xbd007a7b2b6e8cafd39a71039abad85183a1f7f5,2
0xbd78ec7238a30153844cdbcb59398254a1623338,2
0xbeb637262a1a0c3c89510bfcc72ddea181f29fb3,2
0xc07d3fed08ff4753004dc32ecf6069c57d6be5a1,2
0xc0b8c3b441ea460d54558262eefcd6908b76e079,2
0xc1515301213ce0d5b6d49cb267da9c13c69b7e35,2
0xc17b871a3e34b7e1b87019cb142b7da1ce2234d9,2
0xc3d95d9a3be50dbef7fe71eca68eb7674ebf3aa8,2
0xc47d7c8801507b21a4bbff12e733cfd92c22c034,2
0xc5892161105d2b8c66312d3edadfc9d1a23562e4,2
0xc5bfc753c6b16e1334e94840ac1898f31bdb6552,2
0xc79be30dcebc86a122f6b3b560f29ec97a82212d,2
0xc841d1dbbec6a85635b0ecd37fc06f357b3dd18b,2
0xc86fafe0759ddc1790a7f263184d1440190c76a5,2
0xc90aaae679bb6ee385d34416ad545639e0d39377,2
0xc94746f78e9f7e80a702ee1ec968cd6362886c0a,2
0xc9bac8c64614d817f5b3eb1e337322ab4e0d5e1a,2
0xca55f63b03d0080886d5d0bc4e11b83466f31ec8,2
0xcc9a4b06ba55e7a081ee813baa497f460e73a816,2
0xcdbb4daaab82a0bf2f2d03ca000f1e0c830efd53,2
0xce068df171b52b356e74d015c9e438c1e237e2d3,2
0xd01c2acc3e753595789ef5c05fa6012c1c262975,2
0xd028624e5321ea713b4e81d52cd6cdf35465747d,2
0xd078353abd0c52c8ba97e93381e814708a766f2a,2
0xd251261d5ffe5e0c660f88eda704dbcb76918da2,2
0xd2f6e9ea502f8ed9d3d0e546624fc75a6ade29ef,2
0xd32d01c94a148bf8e69b9e49f92d058b0ed01d99,2
0xd34d2e3e0ada62234dc061b863926fb1e95b72db,2
0xd51b9e1559fce13118cf731e68a46d8d4b84baa9,2
0xd543267b6dd1e466e7c1c6808bfd92a5977d25a6,2
0xd5e8e759f47f8c7fd6d64bec6468a9a934d2d49d,2
0xd67628e8a73f378762e3bc8b7b298b0fbf113dd9,2
0xd6d23af6a968323797275c93c3a41b7f9734f945,2
0xd73bcef4a93eb78daa80cad9bf32a377ab008360,2
0xd7d42ae367c8234b69bcb11017c75092b09fbacd,2
0xd7d460152e1e3c1f6313d07060017d5c05837737,2
0xd8720b01d7454c0daa7d9ad9f6b9bfceb213956b,2
0xd9278f2251d1b849f336aa581600667a2229e73d,2
0xd949d1298896ae7c383411db6aa984f03ce1fa33,2
0xda930060b712589736018c6d891ec57b0399db78,2
0xdafcf2bad3e5e3b5d8e5dd4353e612f92ed9e8ca,2
0xdc482abd7541fe2d8c59db6676e1dc2fee880544,2
0xdc75b949390e7a7fa85ce8c0468fa0c65122d80a,2
0xdd021821f2119b13c639ab12eb6950d16f27a491,2
0xdd0a6d40f876849a65f26683c7932c8b7914972e,2
0xdd5555ef3f38db5497871fb402b1cf764524398a,2
0xde5f1b31fb2571971f0364e1e3da71ec7a8588f1,2
0xe0877d17f08ab80aa2d6d9d773da6af56da17f68,2
0xe0e64eb7eb11b0e2810ebc21c5b6ba92f359179c,2
0xe102fcbeecdc6cce4b27e9b4fdd9494f54157901,2
0xe2a1e940d42d52bad533524d4d48567d98b74adc,2
0xe45e9fcfa058d9ebcc028adb1448dea56c16a58b,2
0xe4ca70bd1da9421fcd10b45ba63b1ff05673aa17,2
0xe5941266c78c71924d96a787bf50a826450e57ab,2
0xe68bfe75f5925611f446dec2b78974facbfdc804,2
0xe7a2c6e5e095db9af6c6cead27e1ec55b5e89568,2
0xe7e95e74c94f72d711c3d2ae1f2baa7a9571eea4,2
0xe960607ab60e8e0f501f5a8104b7595e3bdfa4b4,2
0xe975a8a9e91b7b5d439ae84efef38c49c6298e0e,2
0xea04ec0492339211742452e254e84009e73a76d5,2
0xea2f530eccf52d01706e1f30e322fd771ef03ed9,2
0xea3966adfa394a9541c4fa40e53054d7e43d589f,2
0xeb3847c705c73b138c6c67996cb5a0fc68b7aef5,2
0xeb5d0ff4a22dece76270d13a1677e8a5d6917d9a,2
0xeb89d8a2919d538b7e44bd9aae0cb42834f33814,2
0xed805bfc3da337cb79cc9fbd57d01ea2cd5db5b4,2
0xee0083065dff77a2e997554c827ea7f183a8ef36,2
0xee5384bc16f81982c40b0b4926c438224baf82bd,2
0xeea0355bef9eaab5f1625a9b04225cf9a7cd6ecf,2
0xef8cceef5a40d20567c3a563ae56d0d58f44fc49,2
0xefa9b01d57dd8d09be153c37aec0231bd06f438f,2
0xefce6a710aa3bbe56cc60c5d53e176a17a3776de,2
0xefda8cc9c5b5793bfde3c4923d936126c2a1af42,2
0xf1e660386ea1a2dff0e3755fabe52ef55c71df7c,2
0xf21c2d9110c2f523a66dd328b7cc8d055743764f,2
0xf2a1d9feb1f2988c7aa2dd4705289b4a1f9d8c7f,2
0xf328bd69da9e4bdcbf57748e927b28591bc02218,2
0xf3964ca06148c93741cb7997f9f5ddab2b42500b,2
0xf3aeec54b74e574b91829b5b067de492639304a0,2
0xf4b1cb7d7c0c04427ff32d1f179a3c8076186242,2
0xf5113d5e06bbcda005000b215b5ad31f0bfd01fe,2
0xf51fdd47479f8e9785df3156cd75bb67e1090a16,2
0xf587bef9414f59bf6b5911e3e9d6889a037ebfc1,2
0xf5e170e7d25e6e5655d2bfdec237dd2fa1504a0f,2
0xf6d41fb7210813fbc423d4f55764546e90cb39a4,2
0xf85c821cd18beedf9c21355e80c970539014e5ed,2
0xf8d251da272be45da6e25d802c7e44099b3a6e96,2
0xf996cf2c4dc02f9e6e064a9bc598604fc40ee227,2
0xfa23147b7d6640b2cdf28f82e7e864f2817a580b,2
0xfa5fafbcfd38940abdc478daa20441856504ddb8,2
0xfa7b43b5d78a07f007f8fe890837e9a561bdfd4a,2
0xfb1935bbd9d9d5acb12c5e02ce13655514837021,2
0xfcdb54a0a135dd3257cd36260e7aed6bff131a8d,2
0xfd53bc14a5b23aecbcfc9230159e2c5fb7623f54,2
0xfd6079262353e16e1abf4556d6317216b7590b84,2
0xfd718f6e2be135075d879347ce9b45f16e4e5acd,2
0xfd8ee539d211e47c1d9aa94e61d817be0e17a4cc,2
0xfda1af28855b7a9f02fae086cd0fd14cca3be906,2
0x007c9e6d9e09f0a787097a15e6a4e0f7a732c564,1
0x00912c5c2a6f3423915bd62d963bfa6a17334cb3,1
0x01d14929ed5712089b89daf5a389ecd016104fbc,1
0x01d4dcfd045ba52aaaa786b591157dfd13ca4167,1
0x02433b2b1b37daac6f2bafa144b04636e90a8202,1
0x024fa0ce716f2071f583997364e5e01fc183ce53,1
0x0292401658f5272f002ae88ffe893d9595e448e9,1
0x032f81240c6fcc1335ed4e05df3efc82297d15e1,1
0x0389da71d69087b821d356a345dfa0081f9e1ed3,1
0x049812d58fea3fa84870eba5c665635100a9d75b,1
0x05216ecbfdc2e8905b9757ca8b502ca550bf7f79,1
0x05a6c7e7c4c216cdb48b75feaa2755f74487901b,1
0x05aa907b21068baae97921cf43598847f44eb94a,1
0x05e1fceb4fd28d68c1456e01be7649eccab5e54b,1
0x060e3288cce6560b5ae9d4658def6560a188af9a,1
0x066ddcf299a2e3bfe6f779e018740b8723c419c4,1
0x068aa80d2ac42da1d8eb0f20ec4ff2b9d3260f0e,1
0x06b32c5adac9f1569ea4a11456af91f01eef7363,1
0x06e745289d9da8d23a4b3135ddeb5b6b17cae8b8,1
0x081592190b2e6e51b225a8bfc2ce1f8719ef2050,1
0x081fcd0fda78fc0ef8da6a316c58e93ddd6baae7,1
0x0894c86914c32a7409634e4f8d1b117e26b2872c,1
0x08ab0206d6a3dc2fbac8f91b74241b26a677cb23,1
0x08b94ea1a20974c54dd9f795dded968fd2ed7cfb,1
0x08ff7872bbe03ff69ddf0f7653ab7b6225959aa0,1
0x091830895b33a6bfd2491dbfcf06bd06587fbb42,1
0x093b1d718d1211bc0daf58b955508c9d2aa94d92,1
0x09b01a4698d473f0c61ea7a4b3359788e83fb4da,1
0x09f7cd0645b407cfae113fcac2aa1a42560e6fa8,1
0x0a15de203830e391c65881f607871e73c48e30f2,1
0x0a19197cf7dff73f2d876952d3f5307c38ac57b7,1
0x0b3903f7b1c328800436bba85da0489210bec3f2,1
0x0b493af26fa61e5ff84290ca934b7c85e3195505,1
0x0ba014e467ea0da9baf7a7d176271c9ce50320e5,1
0x0bd8a79829c054bea95fa46c8e45980a4aa21c28,1
0x0bfd61995698d6d4995ddb0f11cb0e168167f856,1
0x0c7e9b5b2277a634ee6c45a4632d639d4f7925b2,1
0x0ccbb57071aa04c4f20c791f1d146df215ebec5f,1
0x0cde8d13677b5376f4be5075d141a3bbb3853771,1
0x0d6161c22074d8671f7824d8bcf010e1276f0fd4,1
0x0e198c1d5871b4c91f3d8ed6cb7f6b4f5ea0f083,1
0x0e1ace457454ce9abffbdfb3b8adcb3fe7d96fb5,1
0x0e415aa14b9ce107b775b163287833740ef4dc4a,1
0x0e5defac23cae55c75774989ab252e986b5de470,1
0x0e972d34fa21b4cb09ee056b514191a8346784f5,1
0x0ee3509457930bfe58e3cf9ab940530f74a389c9,1
0x0ee677733b13f5ce514fee7d3a4a4d927008a2fb,1
0x0f4bc6c278e4717ced8de9885f15486bddc200d2,1
0x0f740a210b0949b3daf9cd1fc4de780ff806659e,1
0x0f9a7bb34d854ae3bd9bc0b220576c84da659ad7,1
0x10e85e5bd780d7e839938a6f3d145e6ddf68be33,1
0x10f7e2f96dd15bd4c6aaf53eb5517550d568849a,1
0x10ff4cc031e4d2ef823570a1399299a6110e791a,1
0x11b3cb1eb6d3354f0a9a4089f5b02777e788bebc,1
0x11b89f44cdb4733ea082c7100d47d1e8014e72e1,1
0x12042894e48baabf1257f75b1e1d3e452b98c58e,1
0x122fae579ccead4fc2c1ea331f905f6b3529dc3b,1
0x12d87d2dd69e53ba965e5759a00b89e6e22eb54d,1
0x1363e49482e83920bde701b7265e74c619974882,1
0x137670c8005bac0a66efd0561176dfc578a3abb4,1
0x139ca2377d2f5fd3cf3085071fe5d9d4fd87c9de,1
0x13b87e1ae8e87852d14f07b88811d1d01ffc7591,1
0x13ec23215f82e53324108f58cc6cf5b3e1455b99,1
0x150799f8e9a7e22c1a05d9275e42e701cf8d677a,1
0x15f48ba453c7729f3502f0a86a8bf61e871309af,1
0x15fecfa8fa295ad7383d84d172dbe51792fa95bb,1
0x16cd83ff266882dddc49852e2dfe21546d166f26,1
0x1704d2d588825c2f33f52dcb493871289fae2909,1
0x17317708eaffa9e5ed009422389c96a7300ccec1,1
0x17b726e05184cca774926a05f3a5bfda2ad97b0f,1
0x17d7b553b557b5cc53ce205f4c46af60c4eed4ad,1
0x184d68b6e2afaa614406dd6f7c7ae861d1092141,1
0x188062f53dddbf64c3e74f8361821d4d9c395b32,1
0x189a2d316cc9601c0e34f0ed5532b55386b9cb92,1
0x19493b8844a1ee184818f483200bf6b116e7bc2b,1
0x19b9a674ec88bba35847074d0d7f0d988dda4cac,1
0x19e5534d2512dd2441daca1bd0dce9c61afbe424,1
0x1a1699251945edd5424b1af18813360edaf361a8,1
0x1a49860f1a91ffe52f9a20016495cb4b734d6e5f,1
0x1a68adbdd492b359b5a91759ec4dce7ea7f17591,1
0x1ac9d628683f4071b9213b24c17046c7bbc1017a,1
0x1acc2b97ee50af32bdd0640e77cc60592df6580e,1
0x1bbc58a9d3ad96739bcfe03d0acb2dbacf6ca61b,1
0x1be5e20cb99034b24eebd598912e74ecbae171f6,1
0x1c6e2ebba510301ccd1ee7982750d58548dd61f6,1
0x1c8a4ba95b3f52d8a1fce3c1948bd4fa16183495,1
0x1c9ff3d6007d9c784d85a3100f195d9ce41fd33c,1
0x1d64759f53064ee9876a24c92f1e732ffd46ed5b,1
0x1d6527eb2211514f10339e9c425cda9d0a396086,1
0x1dfc292c62b3734390cb1826f520406e540dafec,1
0x1e465500454ab8b0de81c35793da6668ea6b4cf4,1
0x1e6485453454c4cbcf7f2744bfd1c97e6c6984d6,1
0x1e90d907957a154555f5229c2a11d91ae170edb0,1
0x1eedec685ab5ea9fbf60ad2a5771965e6cb1aad9,1
0x1f0abbec380505236e5aa91013f3679a54969f80,1
0x1f1fc3e40989b4de6458d8cc8c3599e8e8593796,1
0x1f5a29cf75ea885f39b3e025999671a0f560b44b,1
0x1f607f261a18bc7ffbf5a69ed9d4ce2d1df137d7,1
0x1f82cf2902b66e6cab059a183981144cca80f9cf,1
0x20264e8e6c7ef0fb99f142059554217425d33803,1
0x204c6c9ebeadecb298b9112c0ad888869a2e00c6,1
0x20a73c5d248ca985f8185034e0845236afaadf28,1
0x20c4fe6a51d1d8f44133cbc02ccf8cedede5b383,1
0x20d99a28e08f953d0881289236c872fc1d9d4cb2,1
0x210171cf3776da02bfb40bd2db490da1d8f3a603,1
0x21821ee239f485675016c85bdf79bfa2e4874717,1
0x219661e590490026bd6b19731d6027325ccd708a,1
0x21ca746283047fb20257a5a8687d78391ae633ca,1
0x225021735ffbf57647298a99cee9c0b960ef2b16,1
0x227959fba135522648564897bddd16fbcad86105,1
0x22a57a3f99c61b7d744f26057f5ddf2e345a6f5c,1
0x22d16c77cfae9c6b1d9b88d3c4a7887cc49a68d8,1
0x2348cf33400e02d844c806e909df9c73e07900e1,1
0x239e9e51a7a881221c4cec228e1d093b5a434dc8,1
0x23bfe98fa056a38785cdba6e9a5ea4f44f00aa6e,1
0x23d3471cc9ceccb3543d9ff0a317c6c46b764a70,1
0x23da98965f7439426f3153b95b2cd27fbf304ddf,1
0x245d24c3a609ecbc53abb89c47d85dc7f1502905,1
0x24aa7c2ab41943718137b0f389b1daacf430f90b,1
0x251b405c7788b1d02d0fa24a38f0721a79f9aadd,1
0x2562f622fe28b5a1d12f1f51cbecc130cbce5b78,1
0x2570e81746e56db37540d8136aab6f4c56e17f9e,1
0x268a04bcafc7d724cdb0843e3dbc1d90680eaad2,1
0x268d36650007d0e26dda08eab9bbcccc5ebf102a,1
0x2692a89e01e69abc38bd3770304443640a28c74d,1
0x26f69e61fe15d04c5cbdbd891f5043f8e9e813af,1
0x2769d3614b976179900e379a7c7502fc5c44cd97,1
0x27c3958424276f1d97c62ed147a2bf04bb601340,1
0x283b0e57b800c06b6863d46600ddd7977a3f87ce,1
0x290fe8ede67db213197e83a572409db556436744,1
0x2948e58af59a0110883fb2e52ce615b2a4a240b6,1
0x296bf0512342f30901a958d6227e013d1a3374c4,1
0x29e0ef5afc0a52c937176f1ea70426e158a3a1d8,1
0x29fb99475fe8d00b59bb50859fd84476dac97e35,1
0x2a0d9dcaad3b713aa77bd3c2b8fda187a588b81c,1
0x2a296f4eee9e4c231c715e2bdbc3182e5926dd55,1
0x2a3f3af83b7baa4d8057fa202272c1af9cecab8c,1
0x2a450ac7997ca01ceffc1ee5cd5dbc6a0f64e7bd,1
0x2a51a912071b31bfe8e824fcd9a4bba3c7eed04b,1
0x2a7e1a30a18eec9e032256f4c5facabd7473d511,1
0x2b911918bb7f50890b4b7bd488ffa9fcf3dc0c0d,1
0x2b9654fb0734cc0aaaf27db4b7802c55111f1613,1
0x2ba4b262e8faba331beee219db7e8bb06ec82f0b,1
0x2bd936968330249793c45878586284d7aa5f9152,1
0x2bea075f35230896f6175092dd706850cd6c42b3,1
0x2beb3c5d0efe8ee245ff3ffc3a71eed7a3fb7f39,1
0x2c2f25f7f553fea6e8dd9a92a3ee20bc112ee159,1
0x2c6c3185147b87d310c7b7d3647a64182647bd00,1
0x2cba4fe1d7f305482ba5855abe3276decebc5551,1
0x2d7e1b6f8900525c032ffd091575f801e32d1e5a,1
0x2e0d4fa105b2635ab87c7eba1eb0b0193a1e60c5,1
0x2e76732eed5b06e9266eb2fea2e29884d258ddb8,1
0x2e9cb556b9d7e60a7d5e4e939f92e89e2063a100,1
0x2eba9b8e215e4bba643f8c86ec021ebd10cfd844,1
0x2eca36f093eabec7caf298cb8cb2ba670e3301cf,1
0x2f0f964472f103ff40d2e631f76293532b65480d,1
0x2f64ff124105e57e39bbbf9bae0e6fb02fed16c1,1
0x2f7920933a71679d0002be27d5963acf05aab73c,1
0x2fb48a288f6fee24c84bc26ec4548522e4901516,1
0x2fc29296abad23bc99d02dae3cc81378444d725f,1
0x301a92d90bb0bbcac01a316708dbb860bd958837,1
0x30d482c40afcc607054a5fcf37b193ff47fa8f96,1
0x31949f3d7ccbd22b3c712d4ff3351260ef319056,1
0x31acf47ebde43c1cd4c2999591b1fafcfb5e4168,1
0x32c008f3707f24ed5bd3c7f968c34e678bb455a4,1
0x32d7c7d23f9057f68e956d583c35c1d61999dc8d,1
0x32d81b31f8674df5f72f99802346da263c3ffe29,1
0x32f3eb3f9b342aa1521b12d4f3d51392c8848e93,1
0x3390b78b8488002d05b9f2615724f29021dd3282,1
0x339ec48307e0754f10a3bddb30bf6b7adc526467,1
0x33e22a647a5eec18d1a957e00e2fe7ff94b13eba,1
0x340d374a49abb64b4d067df66a611c1555f3e7ec,1
0x34264a46736ac30d872a089793f7a67e876ab5f2,1
0x34a40b28ff440cc31098cd616fa72fc7b73949b5,1
0x34cc2d5abb5a71aa1550b1c0a63cbae87de102f7,1
0x35158312dfac67a753eea3970a0bb71592cbe023,1
0x3516d914735805fdce11e60b99bd75b9be40b036,1
0x353d5bb4fda9e59f1d198791a5eb1dfc84548c3c,1
0x3557770475de95e9ea0d971f7a46d6fa3819a665,1
0x35ddaf63298a0f6b36bbece75b32552f762f1fcf,1
0x3618a3d6a0108ee8c8de83908f01628a0003b378,1
0x36f0d6fb9de3b528ccb7f6c614e46fc931a86030,1
0x371d767b2ce419ffb99d934d0df8c4bc550d9428,1
0x3736cc686d14c94a1c85535f854b6487005b4151,1
0x37743dc2059f2b9680e1e33893696b24d87259e7,1
0x37cb863ac0895faea4918f594544d8ab7dcf2264,1
0x37e2abf5a149857395aa86f962d7b35572d58dc6,1
0x3874bbdd9fc44d10f2ff715c64f6f959ecd43adc,1
0x38a6392c27a6c121a6f20d153c843c28f2a6670a,1
0x38afaedb78e2a0018860b06fe231292184ca14c3,1
0x38f5f2e898354a86b5d911a7a31b50e466896155,1
0x392796f95b2398aa98d55e3df5967d20f5a97f18,1
0x399ddbc71ec6a747ef82d5c0d432a3ba844600de,1
0x39c43627c62295ce074d6ea1a2a3b9e3e33a1c59,1
0x39cc635fd88ea8167e9b61e93c93650f791aa411,1
0x3a5c2fbb7a2373e0bdd92ccf39d3d977babaab29,1
0x3a7b2c686b2ed20798011d17141dd74123521a4b,1
0x3b1dbea82d3aa497a62e18b17012d518feeeebdc,1
0x3bb31d655f1097afe9daa5018cd59bbaef32282f,1
0x3bd392e5d9fa8e0b4c789a87480db0d1a5017b47,1
0x3c5501066f049bf00d4c851fad3ee345c8961484,1
0x3c76a2ea4e3618fa538aea0054c1d61fe9717069,1
0x3c789a130dc22c2b47cc0c68bce867b5e1d1250c,1
0x3c9f0233abff028f5b01993814550b62a09dd6c1,1
0x3d3e3ef475c8b98fe9e98d89c21fb63f16939fa7,1
0x3d6d2320f5675a62cf8c3172bd7723b8a005dd81,1
0x3db3f1f5d8f382ea37dc7f2659245fd923305bd3,1
0x3dbe7be4adefcfcc7644a96ce2ec05ca9bf6f331,1
0x3dd9822c0f7c832683c5c7af9df5acd82a7056fc,1
0x3f321c964f154e28076e434487be61235ae2b925,1
0x3f54cf31b0e88b8e7223db0d60270a15cd64ae69,1
0x3fd26815073100476f087891cd1ab48bc0335a7a,1
0x4003e2bad80f14b557bad1129ab7e688fcab5c3e,1
0x403d30fb89d5411c6b2572707f341204bcf0fae0,1
0x40455a41d8fe8ff0b7223d833a38b7a1f942f4b4,1
0x405054c97ff467e61bbbd1c6c6b2ee492028512e,1
0x407c42e8600aed92708cd900a831bcdd37d6d19e,1
0x40b87c90e10c06fa9f1280228ddbed69ab1348b0,1
0x411302f9007efb73027ba5e560dcfa2bfbec94bd,1
0x4211da98095462bccd850efa517410beb7fd579d,1
0x42bc42766e797183e12112c835779a289cd1a1fd,1
0x432c18cefcd98d7e4448a725681b0ee7f82c2400,1
0x43e71a85c8a82b4646bca94915cf0aec9412c325,1
0x4454a1a0dc28aece787d58e3952aa2069efee9d7,1
0x44a64b578bcc065afc8fd72270c43eda9365ae0f,1
0x45414c809623fcb5b04f286430937550edaaada9,1
0x45c2e33900b638a941d3b191e15ce768cc8a6210,1
0x4652dc5f8d39e37f446ea044d3f1894239fe3428,1
0x469d0809ce92975c3cb064f43687bbed3c8bb36b,1
0x469d92f552b35a62085d87edb5f17a407d5973dd,1
0x46ee5ae85df32786de3d201c33ada7d339bfafd5,1
0x4843cf0397f00e0a0fab3090d8cca7438d5abe22,1
0x48691b425ef85b26d2e918ab2e0f147ae5996152,1
0x491533631d6f5f5be113e9a7377504fc4d262bbe,1
0x49eb5c5456fe70c0609993ef26689109c7e47500,1
0x4a2c36c9633df93076323401c51c9dd1a8abdb52,1
0x4a800c91c39f486d8ee19fcc9ea029d72f7fb19f,1
0x4b3ee0ab34f745e8caef7a9eeacb6f6374845ba2,1
0x4be247d20b3cb51401896159af4e28d40efee444,1
0x4c63035188a3ff6d63c85915ee3545a175b920fd,1
0x4c75667c4251cc782f51e5077e996f72682b3043,1
0x4cc46da29daa445a43ea08e56b6b842b3808f4db,1
0x4ce9b65e65f93e18740bbe4b1d5de7540101aa46,1
0x4d3b32b4fdf4df62849b8b53fa980c8040033b3e,1
0x4d6ed86afd3d1cf1d1007203f64efd07dcc0a724,1
0x4d9373ae50ef91bcb399c485e5b9089bb9befac5,1
0x4dfe55437c7f99a780cdd8d166ced8c706ab9e1f,1
0x4e29c2bfad86f3598b874d3e9ecd1fdc17c4507f,1
0x4e8e486a53a95e0b87aa3d8db4279a533e77fdc2,1
0x4e97144630b4067efbbae397ea682239cc23dbc6,1
0x4e97b7a74cfa165d6c17bb72decc72efaf341507,1
0x4ea779bc83995fd396131908ee8ddf547d38035a,1
0x4ef050a478cc4fad2390ca41d9386f5cf0749f90,1
0x4f62be39a373695d60c697fa0884518e788d95a3,1
0x4fbfd5c2f2ae9b3773162b5529b0ce7a79895c48,1
0x4fd9abc9a04eecbea580377959d036f5468c1585,1
0x4feac218b55adeb6ce9d6b94a872a606a815c5ff,1
0x4fef3a5d9a46a67a7dec6fb8ed8c998fb0f7dc33,1
0x503a990f3b7c5bf70d52d2f5e2416ca6e9a76ba0,1
0x505656edb8c744d40761ffc446f07ac21f225c3c,1
0x506964cbf7c3c30aedf784ada7368143dcfe4396,1
0x5093297112091dbd4744bdc935e9a04a7c3faf9f,1
0x50bd26908f2da7300c49b6777a38a5d47452db20,1
0x51421ac4fed348058b8721fd782d0c7a0b70bb8e,1
0x515b754d8b51e08f7a4bb0d804c047d63fa4fd27,1
0x52214256ee5dbc49dabab24bdccd9ab49031e6c6,1
0x526f92146d2ce4a200857ffdad062cd3ac2f9cff,1
0x529480df9e84d7c30a773b21492df5416dbfab67,1
0x52a80ebd83d09824a1f078f5881645503ffaed4b,1
0x5350ad1434e9028f381b8df608a7c426be371ab3,1
0x53808dbc5edf1c221922867ec5cdd2e912669a97,1
0x53f792e5442e7454bfc2c01ac8a62976b4d35ebd,1
0x543c86f9e3b71a6ea18b155fec9c5f7c342bd7e5,1
0x5457a3ad662fd48d34ab68275e053c54835f7ff8,1
0x5486b60f04b96412a964a4a53b1ce468aef7449e,1
0x549d90ab95e97b19783fb871f4fbe94a07f13716,1
0x54ce82528261fa09f0e82abcd77b2f091bc3eaeb,1
0x54fd6cdc85fe0d9cd1aff68fb3a68798196ddb76,1
0x55160a69273646480009bc689cd1cbf5eb648043,1
0x552184272fd04cc4f080d36162d8019665687dba,1
0x557be544746acd80944643e9598ba0b79e286aa6,1
0x55b6fa9efe7b34fb498f12c3e0da7cefcddd3558,1
0x55e90f61d8020d0a1a979f5c64fd616865b11424,1
0x572e9230f3acb7a5e1f3173a5be4281b83a9c019,1
0x573709814eea08d0095e7f145f48b3ccbd088e03,1
0x575d1b321c7998a7b025e561bffaf6025f88c711,1
0x57a68f0e9aed86bad4ffe618d6abb02e9c8cd876,1
0x57ad36ebf87de0207b46496783f2dabf2091ad05,1
0x58191192402e0191df29532e2aedd20ba5e02e37,1
0x584331dca2ce3e98ddc4c1ae0ef4b8ac1c5770a7,1
0x58ab8dfb8bb645e9396470bc195ff51b8d4c96cd,1
0x58dd8ac8de28716c95825a178ce490d59f61ba8d,1
0x5a18086c6a8a87b1706fee977b26703a4909d636,1
0x5aad13b4aee884ed4f96d05132125956abcd1046,1
0x5ab7a502050d4ad8cfe063ad719655b96d26fb8b,1
0x5ad15124736df5bb3cee56f10da4fb314259cf33,1
0x5beba75a9fbdb503cfa083dbf05bcf6e5e2b3e58,1
0x5c27eb8575589441daf458b278c0dc2bab9d5653,1
0x5c5310d472d251ad1184ab1cc7346f76c0948a16,1
0x5c853b40febe635166e45db3c5a37ddb0d7379cd,1
0x5cb8fe8e0ceb82920f8a8e0cadd186b944d3d5c1,1
0x5cd9c23b8b06b175e8c4191380a129a6bb8cf9cb,1
0x5cf34e2bd8648861941293d1394583eaa5609e38,1
0x5d3ff388111ada9d3b95fe38cda66e645e75d001,1
0x5d56db56e9fd88c87968d141e576c5699457efbb,1
0x5d6311506173f9218544648a55c8a2ea4e02012b,1
0x5d7155846d19b6c097a242e05bba6226feed9eae,1
0x5d9d73aad202db1834bc8d3efebfbe729dac4d05,1
0x5dd64795372d1540d2d2dbe876c793b464e7ae9f,1
0x5e59530979bec130cf9e1e75853d200da920f881,1
0x5e838cf8f7fd2440c569c41e4eea29050ad5a66a,1
0x5e8aabe836ccb356e0749e4ade15695e247c26f9,1
0x5eb3d273467c0f9a498b20f538fb83e4c2084a86,1
0x5eb92b42c007e91390953b1e403262541356829c,1
0x5ed914394c6fe1aa414fa6079f735e8b0da6f6e7,1
0x5edf6313a1fd56741af356fc5e8cc9dab9eb65df,1
0x5f7cce014500a2b1e3ee4801b284a53bedefe11f,1
0x5f810a524af1e902eb36d52259206bfa95f5b1d4,1
0x5fa756c548136ab02222873d50e36dd880246b00,1
0x5fab0d70bcd772d0c84b4c70568effed03863e24,1
0x602c27a7c09ed4278556c332ccc6467d35821058,1
0x60524e9268c46d7f3bc72d6490b541f9a0c9282b,1
0x605fe9f7095844bf55f72b4a8a735a235580ec00,1
0x607c7cb5663b14773400af7e3801d535457e2764,1
0x60eddd852c05bb255d50157c01ceaf9a0b017e00,1
0x61402845fe91f46f230d0b843e40f9d3718b28d7,1
0x6153a554ffab3bec9b5209a26330a102be5bf618,1
0x61ff55d2414d29bb08a4bbe157fc983c620e2948,1
0x624dcea6453dc5e060bce6348ff66077c4e2b6c8,1
0x6278cf90370446eb5a7ae79649b9b266d1371fc5,1
0x628ad1370d4de74242c62658120f8ca434138121,1
0x62944ae08b58242fe767adb1d9bfdad459448fc0,1
0x629764e050247cf522978b81ee7acf20153cec8a,1
0x6369200bdde307c4da8bc202e056010d142f7b0d,1
0x63ac790b3228f9e8a48076e309fd38600ca192ad,1
0x641c359ac12d70f353d4329c72af882a1ad8a845,1
0x6469a39ae1154f0cba64b1254eb54952b437156a,1
0x646b38ed7d1e66fe7541a699f2d31e6f3900aa79,1
0x64885db1322eea035626822c91988a85e3473fee,1
0x65511d9d9ec05be5c90b88f46cd79fa95fd210fb,1
0x6635cbf5e9c14071ea20b25658579ad75ad88932,1
0x6681e4fdb3ff9697734f4d3c2b3c6023277b8495,1
0x66e1cbb8943c62927aa627f55a4f76317c94efde,1
0x675d7985bf4f364e12f124ca0f4ac2936a1d370f,1
0x67bf3ee00b1e67a389ba52460251b91dc7c31bf9,1
0x67da53d3093d29809be50205d11ed67b14912bb5,1
0x680bb4745617dbb6f3ebbde77c065cb8f0ee2b93,1
0x6816a25189c776a8d31ac5cae9d09a10a2d0a266,1
0x681e1747b98c0af9119ba9001e820be44dbef367,1
0x68298e028ce28387489508067a0bbf8fddf9e257,1
0x686bab3f162e72f903fa9da42d1726e5d01bb46a,1
0x68ee770cf207f50a7f101ad50ea4345ab6b82bc1,1
0x69006165d004b47f08ce720e9bba7980509c4f0f,1
0x6937a40543d3846337010b4a6f1e08f59dfad0aa,1
0x693a39c220722601139ed4eca6c0b9f17e13842d,1
0x694100343a5436520d0f877baf3575f50c3340e3,1
0x696187cd9920e355c257ee6847e13ffab487ccde,1
0x69653b01ccec74d0556aa6b95c29eeef1c89d7c7,1
0x6981d614fc72e187f0a43b13e24d488fa374b513,1
0x69c21d11d9e0f5004411b17eb8f7eeb45038aaf7,1
0x69d3ada2419757a34d6f3552b60953b8459eb526,1
0x69d9b6b868882d78a82b5a6d2a19b3d629d6f9c4,1
0x69e8e23eb2e61bc8449e02ced7075186dafbcfc1,1
0x6a0c70ad41fc9ae0228a8b28f4711a564f63209d,1
0x6a25c0de37506bf64efcf07a66fa7298a0a7a3b2,1
0x6a3db61841b344bd9d6e46c0cecd597d0f945686,1
0x6a43c0ff200786f7387b2126dc15bf8a24089bd7,1
0x6a52f2b1ea5082bfadbe90ffc83cbd813cfdc0ef,1
0x6aeaeca3742c3a4878c12b61e067ea2a8bd89388,1
0x6b2a8faf918ff06a2a004cd03fa32c3ad9f000cf,1
0x6b552b25a52c34dc7c0ff73de9a7c5547c77aea9,1
0x6ba5a7f6568f44bce8fce3dbe3e995c63cf2d02a,1
0x6bee995acbba6a0fa5cebc9ca921644428670974,1
0x6c3645fb324bb2a402729fec96ed39f7cefae8a2,1
0x6cb95160f4511a7ab17e54ac63c7b1af0d20cc2d,1
0x6cf964e09cec3f98980e44a5cae4130d8aa82fff,1
0x6d29cff404e9b56b2fecdbcad48651d371478b5f,1
0x6d42fa3c6f34fe33dec84a23cbbfcb61560c2667,1
0x6d882925377e9fa250ffd6b62164ab4084dbbcb7,1
0x6e43383cbadc8b272051509ef1b1a71f58b60e29,1
0x6efc16ccd767be1ef3d2e3f7ed708d39ef3ac5c8,1
0x7013fad63b1cafdc82e576ed6804b4a94e3bfac2,1
0x70b5c47a34d66d5e6f0effef0a82c58b172a3cda,1
0x711a8158e575186df59efaad69a01e0a8a80b999,1
0x718f06f858b84b561f2135eb923988898a1e17e2,1
0x71c02f23ca3ccb0bc0fb12556212cc691f810687,1
0x723b382a23be4a35f69f362cdc6e7321126251f4,1
0x72404f96d14f6c1ce2d94e833231c659b98babe8,1
0x734ec6b9a045d07da4300f3284fc34aae7f45b5a,1
0x73760c4f0e8266df0f75b7f697f4149956720d38,1
0x73a5ca2397b5071fc1d24b1d68a91581930c3321,1
0x740b9e6c7fc3fe092ee54d85bc7d0a755b56f199,1
0x74136d6f9ea117d5cd67f8387f8c4e7e14e261dd,1
0x74499ac9ae6c59218bda80ade340968f126701a9,1
0x74d85d4adbaa65254af2c41a2a8f4c11ea5bac1a,1
0x74fb9510dafd52648735859f11be1145dc0f9528,1
0x751bbbcfa3ee6509c70a7b73cfbe91a59bcbb884,1
0x754bd2edb8fc0edc343d33ad52586c1e7f0a0c1e,1
0x759b5c9333d1b17904b588bab287fc269f1a5279,1
0x75cb44fe78ffdae95de0ac3d41d7cdfd7e7e0d68,1
0x769e68b48e23ab0055a1f6dda37836e5ae8eb5a9,1
0x76a959a001df46749d5d5c5373f321e230cbd017,1
0x7745748f6361a2c3fd37022545e0a484e54c7360,1
0x7746a3ca47d5619cca3f5d8eafdaf1860940be50,1
0x776c8e035e553526b189cb4ba37737e23c0ca758,1
0x77f540fa374a276cb689ff678a5fd2d5ee55062a,1
0x7802d6e7508ca5963cfb1bbe285ea6feca01f62d,1
0x7848dc5968ff5ef767f6003bd1b77c83976a0418,1
0x78524a722a4690d19cd254e5fda2324554f4fc95,1
0x787eb21f96859b328b4395fcc230417890c3d52b,1
0x78aabc122e7fcdff07ac4577a17cac4c3983207e,1
0x78c4752043aadf11ee16083e200f5bdb070bef39,1
0x78daf5e246543de1d791eaf96bf447f8714d3642,1
0x78e8d6cdd5d183a4153bd6bf57c4630989a3708f,1
0x791c58b314e3b269f3feb39d8d73681f12e17c99,1
0x79270dc449c8a33fc03267ccc822a37388734f93,1
0x7a220b26486841a3ae284f8e992fe1f8a68605c3,1
0x7a2ca7084a6c58660d7082e408b29a7ca8571759,1
0x7ade518351eb5b32d92b585a3f67585e6d43db47,1
0x7b07be1a43f77f7aef3a9ebb8c4746dc95796db2,1
0x7b0aa0395fb34956fd45c00a33b9f807e7225544,1
0x7b2030fb1003d11b6745295f64c316a4284799f7,1
0x7b38b917083f4c8894663e08f679c9d1b1f74ef8,1
0x7c3ce28cd7ee3b8ecf371e612605c10ee15f3918,1
0x7c724ba65e6f7e4ca993cdb26d97706576c6f4f9,1
0x7da66ac7a51476bab9f403c67a8018bc4dd756d9,1
0x7df2b13126b668404b34dcc1ac7ae9b685a5afdc,1
0x7e0d1bd82a9ae4db53f7eede5bec5d673c523cd5,1
0x7f56fb68732b965c2720146e34400dfc56484e4c,1
0x7fba02802b603e834e614e7539e413d6f71bd4a2,1
0x807ae5ba87ad635c1dd1c7b4735d7c4e0dcb72e9,1
0x80c1a588e07e4643b426439d25c7cc891644139d,1
0x810f97ba4b071aa9c0469e79dcf71f6eae540777,1
0x812100a49fa1cddbf11607de6e58c14d0c8d13c7,1
0x814e155838bd2994cde2b8ad12ecbcd4f28f3127,1
0x8156e4e67a902ecb50c5c77d16e8dc0281dab47e,1
0x8162b42cd6531548ac6042610ae03999951efc75,1
0x82028855b5b002e33fdfff40a591ec68c24f7a9e,1
0x826789e78a38945cf7594d04fe69dc9da54c1f70,1
0x82af5e7e1c78af4788f84182c1f13b038896ead1,1
0x82c0b811b363c5daad6bbf14a3bd069c7a6a0e10,1
0x82cb4081ddba4ecb2eb45ad4b9ee7405351738b7,1
0x834038800fd714312628ddcfc67c6022643d068f,1
0x8345960aeadc6d6c8eb0011ce6475ce1a2eacb30,1
0x83637d1b355407055a5133f30803aeb664f3b0ed,1
0x83999a85104df0534434a73b75d43030c621ea96,1
0x83a1f08b03eb1b269ff4831fa270913c4e39e412,1
0x8464d38c24314cc67ff9c2a7f91b6c24eeab31ee,1
0x846b46beff190e5996f43d017f8b7338bef382fd,1
0x84ad6319ce7cbb4d5520744e1bc56780023a5d45,1
0x84c366f6f237c1cb27f894f325536d1ac7e6d274,1
0x84c9c7dc5091ad2cd6a196cd86581d3a71d551fa,1
0x854ecc1d38be0870d44b4c9415cfbb21cbd9d779,1
0x8567c115e718c1bb1185303e4f8a1ef338210730,1
0x85cbfdfb3bb055e20fdf8e7289570e38ef20e8c8,1
0x8682fc18422872fb75b766b0cf754ebdb7ac656d,1
0x868bd697bb90ed6bb9663f357edd78948c715054,1
0x8697d79d5dfb00f2628dc388aeffb8103b6c8548,1
0x87ab713125ec1f0d30d673105d720a5c7a9b8ba2,1
0x8841b234fe0814b99fa5edb19fd31d6bebef0c3b,1
0x885152f3bcb9871afd4f097d80fd7b9511d2e272,1
0x88dafd252a47b91cbbf1a43f7aae449076c06328,1
0x88e4c2f871fc471937fe821586d4c6e18e5e657b,1
0x88ea07c3a3d9ad3ef623df8c450a9f81cb42635c,1
0x899c173a9d12278cb303a2ffd1bac2253f782a28,1
0x89b26caa7e6665e0374ecdbb56b2105e9eb3e009,1
0x89bbe2dd4b7d1c7963f8be03b35cce7efa108a9e,1
0x8a1c55d7b0424475f2c3086804532fcb7072be78,1
0x8b3b0c961a65f5707fa0fcc057e6f13eff658c92,1
0x8baa197d589a06e7ba99eff023b01941bfdace31,1
0x8bca894c5d844b15c951ef29005bafe9dfed79cd,1
0x8be83c217b56f94d86d55bbb5e321dcf8ba9657c,1
0x8bf771bee4dc3d9a4540ae2288b48166ec0a6f75,1
0x8c7a86961c8ecb6ad65e4742a5c1a2c5d6c1e27b,1
0x8d00452af78d045a9a96adb8f03a7cc2097bcba4,1
0x8e4abef6a1c5f691fbb258496da91b79e3315cf3,1
0x8eec2511bd0765b61935e33465793dd586ada1bb,1
0x8f9fb4b4324f88d4f3beb7908b081fee9cfc97bc,1
0x8fb5389a2d41911620be7e16d01e59c72033712d,1
0x8fd89def8e9eefcf173bc2cb331872dfee0cff41,1
0x9036c3f5a15bfeee5d4b0fb6f5f298f0b9110d94,1
0x90dbf4ca0261e562eb70dec4bb76a1a5efc047a2,1
0x91745ff9606b50ca975090a19552aed80beaf852,1
0x91942ba4c920b0ef54fcc002dd2295b840cc8d23,1
0x91eb912260322af9ac1a83d4dc18aeb01a0b34f6,1
0x91f813204602e403d0c934aba313b9d31438e68c,1
0x9227dff3a69cac5bc42984256588c88d1581237b,1
0x92778b744c7ab65b3ccbc4fadba7c37b324bd091,1
0x92dadf293ac592feca4aeb3f805b0c7d49604310,1
0x932aaf84e1f17a83abb4c21bd47dc5939bb0026e,1
0x936fa26c46848f3028e6e32cb6bf624ad23bf9a8,1
0x93c1dc08cf0a3ee41ee7814b43fb758447c2b825,1
0x93cfda6eb58f397c72a08688723a8ac8ff502429,1
0x940f70aa19e464d56b15e0b0bfa0cd276bde46b8,1
0x9480fc2a527bb0f0e5e6a3cf2922bcd123b71302,1
0x94d1f99d59c96cf7da2f81c8fa481b54490f4472,1
0x94fcf4f050a1b57ae56cc2d68eb72524118ee61e,1
0x9506e05eabdee4e52f667e3913ef97415a36eb48,1
0x950e8f175f559ba43ae59224eb9e86623d72f8ab,1
0x957f6dada6be840a6dd84f38311ee7d93d00ba21,1
0x960d98a8d6aa4d03985f8468fb54e1a33453eaa4,1
0x96ac7eac8c63b288ab6343abe14c59e445716172,1
0x96c26638be5fbebe102411df2a4430d92a33e86b,1
0x983c599a25d90fc1b5c4cdafcc8be43b086a3aab,1
0x984ab180f35e8267454cf39c0615f9a88eeaacce,1
0x987eb551c0695e31013ce89ab3d2ce359538bb64,1
0x991c49b815d066a942159440162626499eaa9c2e,1
0x998af0b74d92ba666aaf1758c31b0d4d18539794,1
0x9a2765301097564866c4a3fe01f04c31b29ea277,1
0x9a62c1af2dff7f6b1731d9eb36b1622c17eae7be,1
0x9a90b6f6f7f0eff3838dd029867e7b383aa18eec,1
0x9b8c5da57666e70399693c8ad2a8e29196c5529e,1
0x9be4cf5dc08f8ab72cb0d18c9f49a2131d40f205,1
0x9c01672bca7c85b7d0422b8cf93a1d4794dbf08a,1
0x9c2a359bbdd9cef3063f9845d9148a1d0e4da6ca,1
0x9c5d54793f7ad0f15c76998bd0d06b94a7f2c9ab,1
0x9c68ed2ec611ad47b328db63e546453efc0202d4,1
0x9c8e4092a5f8b03319ad6ec22a4d5ac199aa634c,1
0x9caee64adf92513539265f7ec102e46105c96489,1
0x9ce4cacc86a0d81ba2b44924ec22dc67bbdcdc02,1
0x9d28fbf664caa396855000f0b82c711e2e2deab7,1
0x9d631a9a2664ac3155c936463c30fce484f52ad4,1
0x9d911ed974fe8e28233a8e39e199b016b47625fe,1
0x9da623a5d8482d03b243d9830b03829dcdab07c7,1
0x9dba47bc7f18c41c633c9c6761055d5f470cef55,1
0x9de24f8639e57169d50ecd4dc948fa24e0b3eee5,1
0x9e0b6b7e3983c742ccaf708f704667ab90fc5094,1
0x9e2c5250fe314f1c5f489953684837be19a3dd1f,1
0x9e47f952836d5384c9396e7f5834355524ede282,1
0x9ee8c9405327723c22ec542861a55ee32615f9aa,1
0x9f21a9d353f5b0de03c1d9e2cc36515274d4fa7e,1
0x9f47700127562cf0bb0e80e8090e2436b5b9ad0b,1
0x9fb71cf97cd0037882d88247ad30efba7e21410c,1
0x9fd9826ca0e49cd8087b1719d8d7cda5562921f8,1
0x9ff0c81890a62d5e0a5bf910dc22d1b6f0d93529,1
0xa00c5aadbc7e37da72dbf148fbcafbcdee68fd57,1
0xa0338fb9b57e6f98cc52a2736dcf60f499ba40a7,1
0xa03f7283c389a8bdebc9294f9a3b30720faf469f,1
0xa055bcbeee4a1078b19984418f21e0bd780679d5,1
0xa0784bf3c6b601b097f0461ffc1cf66adeed8fee,1
0xa115d0307dd8e2bda0e0537ecbd5175201d6b894,1
0xa1b6b638d9c8927caa366152443b09802893ea4e,1
0xa2758921dd7e3ca0c28071cbbe0fce3291f8d589,1
0xa29c9940b6c3e7a4223355d808d5ce775643b54e,1
0xa29ef951bfa6ab6ea1cc5e91e7290cafc26f9cba,1
0xa2a0f089514c9c083b1482866293bbddae0df247,1
0xa2b0f4fbdf37588067fa6d2e48f93e20326f7db7,1
0xa2d20486e8d86319f8fc598209b608c9df9a1d78,1
0xa2d35e418814a8b6367c66a5ac2fec8ea16332b2,1
0xa30bbb717568e72aaad8bf0beb1a10e2894fbf65,1
0xa32cf5c597275aeca88673436f501fa735aef906,1
0xa33af573654a301a8c93eeb8c9ccc8b86f36050f,1
0xa36d09082440d07add428dafd42e7da26d3ec372,1
0xa3d25bab679f5f7ba990a1492addd8a8be188fb2,1
0xa3dc88f913a9ef73220230d62a7a99a8805c8cbc,1
0xa45e6d2741940aa75abeaf5b399ad6b5b353cc05,1
0xa584e25d0b92b926a4b62c77568f819d9bd13dc0,1
0xa5a5879a2eb1e237ec67ffb882b3e3b7affd9bde,1
0xa5d2f80e1e6949a5f8949958384edf3b8e4f5a21,1
0xa625ae56c4870406f82d59b11379c141c244c842,1
0xa634845c3c848f5ac3abcd85bfc53502ece2a799,1
0xa68a342fd8b262e4deac96c1081dcd436be96fab,1
0xa6a70116cb094eadcc6394d57a955b44bde45beb,1
0xa6c815ecba0f2759f9a7490371ceae90f0058436,1
0xa72f8c4e44b88c59b3478c942c3131f3f56b779b,1
0xa7ba82365c988ec7792073b2c39a8a7d50602bae,1
0xa7e9e9e03a1b1e00474608c25abdc31e98ac7a0b,1
0xa7ea3c6906e973753d543a61e77ecfe1f8c10bda,1
0xa7fd11d870544d12416a7b585ed619167f83f3e7,1
0xa83d5dd079dd4903323e6f729aa61b876aa26706,1
0xa840589fd91a1f15a3b2a74fb8aed30859100e64,1
0xa864abb5be059306685ca773bc83a63a2f3903eb,1
0xa8b02419629e790d80d2b1689310c652a46b4a30,1
0xa92c86048929de5b7f71fe3dd138771c0ad98f53,1
0xa9d0eff236b0331c484f101c679abd6f7327c4ac,1
0xa9d9f4623ff5e2db54ee844fe904c1c4acfd16af,1
0xa9ea0195c910c1ae28abec576cad9abe266b0bb2,1
0xaa61fdae552a3b9d58236828bbf0cce1a028c06b,1
0xab0239699e88364bb9d50d54a914a9f67033b75c,1
0xab336a9301466e352ae6b321771a4290d69e9b39,1
0xab548646331930823e77c346f7600bb6068bbb9e,1
0xab9155e7cd625fd2cd5deb1a19db28b5ff6db882,1
0xaba6497e78558a9258cd77d3054de9ae4ada0282,1
0xabe8d333924038518147028361d34078b463f3a5,1
0xac9578a50a0eb9beeea9b46bdb305a4dca133e47,1
0xaca9b7fb1feea2156d85bb05081f3f41645957f9,1
0xacd31d639f1c89022e14e91bf09c8f5d8b566e00,1
0xacdd4fbecaf3cd82a8eeb763acfe7b2683899786,1
0xad26869c298610b90aafa92874185f1f4742df41,1
0xad4b6b04e67edb63f951103283dc2e5dddcb0046,1
0xad722bdaf037c26d9966b0a1c603b45a14f1eaf6,1
0xad795a30554c046322192c72be478c6096ee7f1e,1
0xade6a5491c895909288277a4516c46a52c712a88,1
0xae4f8a40de34b064ca0198f14649e2b16e17c090,1
0xaeb1a1927fda6a05608a6db1e9b2bb01c0f108c4,1
0xaeefc290a9605832924edc5a27b882a90c34a165,1
0xaf25dd2c8c304a9be1da96f5407bd3825b85907c,1
0xafb692d87d39f10131b2104aa21f0a14a665873d,1
0xb03ef6ecec751ff800646ad1e65e1b026ecb2a48,1
0xb07724c789e863b63e77e5a227278a719cac7013,1
0xb07fc697935bbb7266e2318b7685f2aa0fc264d5,1
0xb0a0233d615635fefbae38b916f0bec665a548b1,1
0xb0c67cfe5dde47b3cdd9ecbcc6a1a89beae4e026,1
0xb143dafd32689109c90fd8b760274335160c3ece,1
0xb2e67a363f42e372db7b83c8250a1d75cd6613f7,1
0xb329c32d7a60418dfee5e82358779fac77591497,1
0xb368977bf3beb0f8d682bdaa7e0dbc91b2627452,1
0xb3745bdf9845399b4939c69950d8757f080da3d8,1
0xb4376099b70945ff3c24db02ffd4bc4594672315,1
0xb448fc190e83db51ee638951482200b773b3b102,1
0xb4c28a86be704136c3958ec9d5fac6a61da6381f,1
0xb547b4298cedf41908dbc8d2fdf1091099a4bf7f,1
0xb59293554f6c2f5a9610d35ecd8ca8a9166aa1a8,1
0xb5b9914c87c380dfb4801e0758acce8f0c1187cd,1
0xb5bf144d574f8b80407886def2e058f22c4b08a9,1
0xb5e008a4324383ab0ff7b832b3c7917ad5fe2be7,1
0xb65928bec2b4c54dc67f6213d00e245dbe04f6c7,1
0xb675728e0338ffb56166d0ba36733883a018ee54,1
0xb7044f6eb24814d0e1517dd2082f7b2720ec33c8,1
0xb7569965c9584c24f5186a971a822c81dd864af5,1
0xb760beb2e99693440565eeb2605a41961b724800,1
0xb7c259f3d8e6cebaaf95ae740e2c720d19863054,1
0xb83f6cd1b6a8f0b7b9464b23b2e132278d202c6d,1
0xb84dff17ac3ece10574820f884c1849c29be0321,1
0xb91878998de46c7307e230097d64a78a0f402dd3,1
0xb92a8d700b990ff8ccf5452394474e09e46e62e7,1
0xb9dca96585835682a1ce8dbc624ffaafd530f31c,1
0xb9eb91254acc52c3711912b6d7d7547a231ddc85,1
0xb9f04b48fec1cbbf5691b00999f2b49e38305aef,1
0xbaf2f9426521c8b4e955dc9e8f888095dd1322b5,1
0xbb4afcb3b0e2a95d91f0eaaf9acefefa00d70a6e,1
0xbcbe240771931e726676b8332c1021caf047dd52,1
0xbcc5d7ec1efaf1307eea62b06bbb661f50e9e147,1
0xbcd3b2e47e5c2f8528a17a6e047745a4c50c017e,1
0xbcd708a9daee63fd102169d2bfc438e2a69ab391,1
0xbcfb2333f32bca374ad8a587e72aa71f20c2acb7,1
0xbd263969a817f6a680a6006fa49bb1c0e365054d,1
0xbd6b36c29b92fa3f4a7b16bb362007ef8624c683,1
0xbd836a22cbb019783b729cb394952bba8dd5cb63,1
0xbe4cd16c4ebd3a8ec66401cca988d603ec7417c2,1
0xbeb1100f223a6afbb159170a3ac25f7eb8e78597,1
0xbedf987b423789f0db0093d26819331ea3e58f0a,1
0xbef2a7820a96e0935e7c97c34411d9d697c954c2,1
0xbf15ef9e9b8cb04c3ecf305e7ee65954f3364f44,1
0xbf461d3a79c44c9192a7d559c2faf04e9b6c8985,1
0xbf72833511c5c00fe8d5bba18f27fcd603242789,1
0xbfa55b293dd81f57326b4963dd1b9591c1ad3bdc,1
0xbfa85f9ab724e7115e20aa1e6d9b55defee23cb9,1
0xbff4d62fb8045813568c287628a8f5cae68aa0b7,1
0xbff6c1aa294731281a682c12eb8f1caac6adb5d4,1
0xbff8912855fa69dae7307285d2504b06dc6a3a78,1
0xc04be83aee23609307752a2b98c58cb8c675f862,1
0xc07b46c66247d8cac1d740dac1e5b23c8650b315,1
0xc0905e16e6481d82cddf67b6276dc9220e3f3fc6,1
0xc11a5f9114352f5aabeab246db826effc64f32ea,1
0xc1203cbdba92ae8f2f59693477af61cf56fde7bf,1
0xc161f46e74ad32302c2b925dec39495f12847f40,1
0xc17517048b9d82012884104ed0447a57250563be,1
0xc180d62163186be97cd1f4754078ab57acb8cf35,1
0xc2132aad5c745ccf25cea65385d24995fa37debb,1
0xc2851645221181df6ab00d90c548a57c28c30e8d,1
0xc3041115920f181a2701414a3949ccf19ef2772f,1
0xc31c071830917a04601169505f5bba1cb13acd0c,1
0xc348826afcfdeb69f958727ec4f6dff77c33a8f6,1
0xc45e23a88bf345d5c867fc62d04b64249a005fcc,1
0xc5393ea2bc02e681d09718d9da02bf3b89a6afc3,1
0xc544e05434b045270ffd08e628d1636c2d77f596,1
0xc5c6b9cbaad47e89487ef54fc87d63f9bb06dfd8,1
0xc5f70e508a82bd2f6f13b24fc5d4ec24d597fdb3,1
0xc600617e3a7ff1487aecfb026169a16433a10290,1
0xc7093a0577365205a8590fdc472dfff23f0ef312,1
0xc772f9156c90493251d319675912516c9d3c4210,1
0xc862bf06071d11929334e6de9e1a5ee879feafd7,1
0xc8fe1f3404bab03aafa1993bc51d77987c4a1172,1
0xc9ad03ea14899f380806114f18496fa664cd0cfa,1
0xc9b78d344f6fe4b0f83e8ffc59756b9fc9c1eb44,1
0xca7e88b07fb0d13007cfa1c0c908a1eaf98c61b4,1
0xca95769ff539c720b16b8a3235a527b4eb26a567,1
0xca98d5154cfc9567b3f02bc2e046ccf1baa3bc5b,1
0xcadb8c6e2203c984a0d4cadd2c344959329a7a70,1
0xcb0c62b59ea9f59d1805b65d648864ad6762a60b,1
0xcb6d0422b1ef496b3e4e5b9aff8e31975a5787fc,1
0xcc2f3f43a28dc59a0834b23feeb84cfa2dc65a0b,1
0xcc953f28b6b8e7259f975a675d432c6a0824b8b1,1
0xcc9b3c1278e54062e688193a5f95b659ab0a8c1e,1
0xccf6df61ed5ce7ed68fa4db8f4e9d96fdb319736,1
0xcd7142f8fb1faeb9e8147b64b4e7cb4ed7d3c55b,1
0xcdfc6235cf010b78afc44036da6d7b55033aae77,1
0xce15bcc0524d64eb0f760f52c42f02bb44bf910b,1
0xce48946364a84cf23e802d8e748f5dfc1fc524ec,1
0xce6c599baa8c628bd8f2eead8841776a78d36c04,1
0xce71beef8b2851dec44608711aa5558029044fc6,1
0xce9b440b3aebf4bd6a55816f891214b14a549937,1
0xceb8120448b75148bd88c72e9b8cb178c864700d,1
0xcf45c015edf3cad571fcb47a62f8e8540f988b91,1
0xcf95a87cb50dff30d9670b6716b65d3037b11245,1
0xcf960217e19de147866b0464ec1e8b93c81f0684,1
0xcfe5de0b7bb99bee1ba63090aff74d8e3196fae9,1
0xd07bef3d4e03b708825e1e65c013c24b4f29cfd3,1
0xd098ae8b0df96ca2b06c1fc6dfa75cc0c9f279c1,1
0xd0e10fad13314ba6f86263fab44446caba1230f3,1
0xd11a211cd4918cc230e6aa23ab49b2f7f14c4fef,1
0xd157e1ea63779757ee5f62319b9f7989652d4896,1
0xd1b46170ce537d49a4ee7152d8e8186ce22b39a8,1
0xd21ebcf721cfb4201be9f2cb0c92189ffe0a8fc6,1
0xd262e27df8b1020df1c919f9eeddc25f620d89bf,1
0xd2a7221cb9abae1e413c69bc506e9919ffb3ecb6,1
0xd3653e31b05083b71c12d5caa9d125299650ee16,1
0xd4293dd3c61f687dff573c1973c66f7fc0624883,1
0xd42c1ce9ab895da916a7848da22160d6f0556570,1
0xd4391de0993ffa4a70b31e7db065e5099140a940,1
0xd4666b23e85c1b8ff04dab5d4b0b1fe77ca83dc7,1
0xd46d3a412464fccdd643c1c0d09350854d108dd8,1
0xd4f17c243afcd516f706dfeb18f564c28f243225,1
0xd4f93a05aa831269dc0b8186603f99d494cd6b29,1
0xd4ffe67010756e9bbcb7e1c6b3933a7e4518cf39,1
0xd50ca8312d732982e5bfb035ca593bcf8890ee9b,1
0xd5315fd4b30eddc5678d15e5f681d9a789ba7ddc,1
0xd58b6e55fbcb195bd769ffabacbc762a0c0961c5,1
0xd62bb0987f4b35e5983d2febafb0117a13b87ee3,1
0xd62f25b86b8d63b0db44af107e2f88ca478274f8,1
0xd6533b24ea0cc08cac980fe6b9d2571bebf9e092,1
0xd666183adf24cff5866ede80317a116e25f775d8,1
0xd66fda02a6648dba76264336252d5a5bdc762d02,1
0xd6bba09dee0ddc465c22a23cb8548a524eb994c8,1
0xd72bf8ff7292026f7304f0da87da2571662708a6,1
0xd74409c315f8aec01f70840b3308e3dbe95ad3e8,1
0xd74cf70988e8a575e1920e116b75d8b4a1e3b71b,1
0xd826c0c4bd7d0b9b440837f5b46b1c51cd4b8fe9,1
0xd87b962783555b543b3fcf8a8c139444273898bf,1
0xd87e2e5631adebe70090e5a8014d776a62e54932,1
0xda21dc42b3006da12f85ba7358b6c1e5f959725a,1
0xda282aa371da247f8c18ce52568f9c8e0e3597f7,1
0xda4ee92a0f37e74b74038c10ded55e7770ca445c,1
0xdaecf4d22ec062b713e3d1cb576f386199d2d0cb,1
0xdb1ce7550695c79b4ccf6e1611b5073b8295035e,1
0xdb70c80d0c4cd07d27952f85be3616df19933548,1
0xdb7473c6f8b32aac6e8837635e7770e9a2b9cd77,1
0xdbcdf9c2f15044361d76c15f78fe4c1cba2602d6,1
0xdbf6153b316507ee68f5cbdc03321b7129115ac7,1
0xdc1cc791873842a34f78652144cde43e0778ff4a,1
0xdcec6309722f711a81b642d95ee13a1a13a95524,1
0xdd0401d79386eac16237ba32b788dc64da0d95b8,1
0xdd0dafbd57e90ec06f896b80c738b126c2dbb51c,1
0xdd4d5466d3e93b6d0854aab3b5033a7b2734cb1f,1
0xdd726e6a4f7f5225c7d5facd57d19ee97e7c00f0,1
0xddbbe5b9deb7d0b31e58762f0346eca662602c48,1
0xddcc30b1d6089e72b6a37424baa1be072cc75c1b,1
0xddfadad38e904dd3995ea43f740d84a0e23abc9a,1
0xde7bd032e4031d7d1091eb099c5743d7ac9e222d,1
0xdf6f68db73ee7ba06df8754f470947b4ab1c82a2,1
0xdf9cf7977814022f6356025168e483ed0eeb5e21,1
0xe074d6e9f05dfff256ca1137cb5506b7c6b27cb8,1
0xe08a9604b1120de87ebcd7f601a9dc617ee075d5,1
0xe0c0bd7231325f10663317af486d7207a62974ec,1
0xe0e710a907a8e44c078e6212efa336c1191f4cd1,1
0xe103a8be17a2991c576e0e09e2198ea855276a4d,1
0xe10eb43dde7b16d28dd4258ddecae16a634c1204,1
0xe1584473daaaa25355da1388f7d5070cec2a4f50,1
0xe1dc9cf9fb4cac0466bfc0014c1189d7e59dacc4,1
0xe1ef11131254f4b31f7d6d8b1330e51c4c548268,1
0xe1f6a5453a9931bc0f2780989659a67e41ddcf4c,1
0xe23f9140bbd2a766867f20fc8e71b7abb17bde55,1
0xe24a2ca97fb8728f5f64e70eb3ced06e90eaedea,1
0xe27952f3f11159b2ecd51e92ac6f6563b96d7178,1
0xe2ae1909d6a8ba32ce448b55a36efd1c61227bc5,1
0xe2c5b1258634d6acd4d0fe210ff56fff805c19c0,1
0xe32d0b1471697ce92877a3f4c8d9c70248c1c4d6,1
0xe32f3bad90373a408112405fc585efe3f5f3a21c,1
0xe3921abd6c9f4f29fb17904e2b4059721afd478c,1
0xe3c59bb8c8503be458eec680364be731ee0cb565,1
0xe3f39ddde27bbc4d30060f381a81e66708148c86,1
0xe4ce700d2a32d635ba490384fa788554f8acd81f,1
0xe4e43748a7a49b379697015c6479098091aacbc7,1
0xe52da775affbe83acc6814dbe4a18c8a58161aad,1
0xe535f43886f6e5ed36d31b9b623cd2872c94c1c7,1
0xe5367370920721d38fd7adcd8da94d788366eea5,1
0xe5839e16870388c0e4e0f452ee31fdf64bc5cec7,1
0xe5e7e59121dc255b9ff5a249b9dd8a7a2d675ac3,1
0xe66ba64f7d43ef973e4c1a5ed75fecf0e73014a6,1
0xe6c9bc8077850ef9438e43c568a91e0f6e20969e,1
0xe77a5cec86eedc6f90f2abf92fabb0819d6aaffe,1
0xe79a10071d95b8c5cf002083b778545f9f4007fd,1
0xe7e47baba976af600669bfb6ad12819a4927bf30,1
0xe7e9d9594257afb3436451c50a009f144a88f7c2,1
0xe8073822f5e72095dd34059194dc8034c905d289,1
0xe82ca22b32789d7aefe6f6f0bba8311c5e2e8465,1
0xe84f05a482c8c872d0327c1e61c95b4f5a2afb8c,1
0xe86b5988bc143fb33d77bd412112c98d6a7b3c60,1
0xe87041acd06ab763e5e319cd041b7792b33254a9,1
0xe880defb8be7d644f694aba37df8199b7d75b354,1
0xe885fb000610c0add831359522f4f1042403f884,1
0xe8a17b156b7f223661d6be4aec1a75bf2ac758bf,1
0xe8e182da4c2514527296b9ca1115c25058078fe0,1
0xe98bf607b341e8388c0d6521cd3ffbba03056305,1
0xe9a830ab84558da8fbb7995306bdeda3f1f6d1de,1
0xe9d24115c9c680abcb675821e78bdb5239c70f55,1
0xea48b74c3e95eca7e5775d5277ea3b53b50ac60e,1
0xeacc7962330913d9c3e65a972e511e24a8e5ae52,1
0xeb050144d5ecf77574a54c07a07dc09e31c1be90,1
0xeb8fe3152256919b5861bc2f46e856bd536e3528,1
0xebce71e83c5886e71a356df8196cb2a458cefbfa,1
0xebd95358c748ca384078f8cff16170bb45270711,1
0xebf546d7e9c95e67e31b392a181e96f4413e2da5,1
0xec44d519a12fbfffc1a122a2b5466b422ca89bd8,1
0xec6bead43782e5faa5c44e58c9d9efe6de9e1942,1
0xec8b532857b5f336eb5221da87139a12454d9a46,1
0xec92ec755f6f8fa1d9710d5d86dc31af4e02336b,1
0xeced5464a2a8c6a8dc2f2e1ca5e2a307b380841a,1
0xed8594633c67f6471d0ca9888787832d6ba45ce1,1
0xedcedcb31115efc9a2c88effe472b081114a1d60,1
0xee6a83ca16ecb771eaac7554f592d957d98a6bd0,1
0xee7c4aca7d64075550f1b119b4bb4a0aa889c340,1
0xef8961d295dd5baadcac3d6b27348bd8312e0749,1
0xf09231809f345d3590d53ca9ea83a84daf5628be,1
0xf0ac12f0c7b23b3bc2e6c398d72a9bc71fb17972,1
0xf0dccbb02b6806330431bba99fc0d4e3ec15eb82,1
0xf11a3fa679b0a98f51532df33b9282dde0bf72d9,1
0xf18b1116829df7f9f056046727ef4a5880213c48,1
0xf19d037a5b14cbf9ceaedcf37fc5ef8d97ca99f1,1
0xf1c8d764ef3a5a0d02943ed94e14cc802eef8a3a,1
0xf20bcd4d3fdb6a5329122177907eb9f9bc2f436a,1
0xf307c89fa0b2acf171f27ddab75641a9fa7683eb,1
0xf379b605c6b06083d7488210b6c63421856d36d5,1
0xf389d0505af07993f6986e3a7191d3d3d751068f,1
0xf39e9e7a541cb8eafd3257fe47392e64b4f2f538,1
0xf400c3555257bf4954ae5beb3ae8d3e65e09a856,1
0xf4942233b03ac39f46704897de06d602bfaaef70,1
0xf4c85115a85566f16db5f93f148cf4de547ebf8c,1
0xf4fef033d69e179404372bcb1b138f74af85233c,1
0xf5705ad8cf5d9ad91caafd103c3e1098694b0ef6,1
0xf57e49bc3fe99d3e430dbf0992c31381b26dea09,1
0xf63dc9a9b9734281398b4cc9d5b27bd8a0c686bc,1
0xf64aee929b7bf79aee510a5a162b02866677e524,1
0xf66c63f15311a8785578feb8bf23b71bdae06eb8,1
0xf6a0a41e476ea3598ba2ba3b5253f9a1fdb67ca8,1
0xf6df16238658cc15a5a259e9c1b97f078d30c344,1
0xf7232cdcf3fa06eb6edc4170ede6c8781b0ab824,1
0xf833582b0187850105567038ddef973525fd6af4,1
0xf8a57e40117ec49bb760f93da24127ca7541deb6,1
0xf8cfb1438066a64db96849039253953a9e50a202,1
0xf9010f6ec22ba7cd709ed4925bf746c788cad4d7,1
0xf903440cfe544c0580486d6c438d444da786e37c,1
0xf903e5a7b2d6ea2919def3cd6ab37a3265e11c94,1
0xf946ef2a25c8326157a3f922cfc540966285891e,1
0xf9b25107fa404956ad844a22aca75edcd60ed562,1
0xf9e96b3190e5ae39fa8ea07c1e85d79e6e2671ac,1
0xfa4b97b2cd58f15f11494fa70cae02b145df3dc8,1
0xfa50fa250d166057b46a516d142a792521835d81,1
0xfa68aa06cc23c5e4922c85b337ceb58822e16686,1
0xfa89a74e6d4a9de34cb26004d68d610c0420d725,1
0xfb0cadf96902e846c8a2984d92271f30d2933ecc,1
0xfb2f67d0ddf1388ec82ee7fff302b3f806ae9415,1
0xfb4cc5c641cec66bc55878356197b961cd6c0625,1
0xfb69b5636b32cb2d2f6a300885683b34c8d916c8,1
0xfc4cc4017cb3e41b666a67ceac2b183129cbefbd,1
0xfce2689f76ad470b3540764d2f1ebbe38d2d89b6,1
0xfeb064b9f586a38f7b4c06ac43ed793e78db325a,1
0xfebf0dec8d44b05fa75ee542342871e3c50224e6,1
0xfecf0de7e697298099083e5e50e91731b4fa1ac3,1
0xff30bf14a46a359e094e121ed98affef8be02c5f,1
0xff45d050ecf2ec50979b39751c9cea6328469e29,1
0xff7db1f55addcb7f388dc301f9e2e6aab9d03877,1
0xffbf1dc41848239532c048a591a12ee5f4560bc8,1
0xffd3919990c21820725ff7dc054f6fe357f9c55d,1
0xfffd8dcfb4fa7354787f640800b815649a52a3cb,1